4,Putri Sudirman,putri.sudirman@gmail.com,+6288152553419,02-12-19,Aktif
6,Zulfa Tambunan,zulfa.tambunan@gmail.com,6288749696532,2023-09-19,active
9,ERFAN SUDIRMAN,erfan.sudirman272@gmail.com,6285246578713,09/07/2020,active
10,Andi Karo,andikaro@gmail.com,08121834738,26-06-19,inactive
11,Jasmine Simbolon,jasmine_simbolon@gmail.com,628786670106,21/10/2021,active
12,Kurnia Saputra,kurnia.saputra286@gmail.com,088110801326,2023-06-13,active
14,Fira Rahayu,andikaro@gmail.com,+6288520812191,2020-08-21,active
18,Dinda Handoko,dinda_handoko@gmail.com,628780052427,09-03-24,inactive
19,HesTI SanToso,zulfa.tambunan@gmail.com,085315869232,2019-12-27,active
20,Joko Rizky,joko_rizky@gmail.com,08210733754,21/07/2020,active
22,Edy Fauzi,edyfauzi@gmail.com,0878883561,14-09-21,active
27,Arif Permana,arif_permana851@gmail.com,628824348734,07/12/2022,Active
28,Qori Hartono,qorihartono@gmail.com,+6282231665876,13/09/2018,inactive
29,Jihan Sudirman,jihan_sudirman@gmail.com,+628778893734,2022-11-21,active
30,Jihan Nasution,jihan.nasution861@gmail.com,62887699016,2019-07-10,active
31,Hendra Wahyudi,hendra-wahyudi346@gmail.com,+62856708053,09-10-18,active
33,Eko Sudirman,ekosudirman@gmail.com,628773193149,11-05-19,acitve
34,Ani Lubis,anilubis519@gmail.com,+62882657262,08-11-23,active
35,Opik Soekarno,opik_soekarno447@gmail.com,08137379965,2018-04-28,active
37,Yunus Batubara,yunus.batubara@gmail.com,628897885685,12-12-21,inactive
39,Xena Gunawan,xena.gunawan@gmail.com,6285727109477,2022-12-10,active
40,Hendra Wahyudi,hendrawahyudi411@gmail.com,62812294131,2024-04-04,banned
41,Mira Soeharto,mira_soeharto462@gmail.com,628789909133,19-12-20,active
43,SARI SItorus,sari-sitorus717@gmail.com,628877190659,22/10/2020,active
47,Nando Soekarno,nandosoekarno566@gmail.com,08211274846,2023-05-31,active
48,TONO GINTING,tono.ginting@gmail.com,+6285840449972,04-01-23,inactive
49,Edy Nasution,edy_nasution956@gmail.com,6285363605766,2019-09-16,active
50,Fajar Purba,fajarpurba896@gmail.com,62881262174,18-10-21,banned
52,Hadi Hartono,hadi.hartono@gmail.com,6287737923747,11-11-20,active
55,LeStArI AngIn,lestari-angin544@gmail.com,+628825171236,2024-04-01,active
57,Agus Angin,agus-angin665@gmail.com,0812471138,2019-07-10,inactive
58,Hana Firmansyah,hana_firmansyah@gmail.com,628219640537,27/12/2022,active
59,Doni Kurniawan,doni-kurniawan63@gmail.com,08211390053,31-05-19,active
60,Agus Pramono,agus.pramono@gmail.com,08112284210,24/06/2019,active
62,Chandra Siregar,chandrasiregar491@gmail.com,628217115921,2019-06-01,banned
63,Kevin Ginting,kevin-ginting465@gmail.com,6282183673657,2022-06-22,Aktif
66,HESti PanjaitAN,hesti-panjaitan@gmail.com,088961201836,2022-09-16,active
67,Irwan Panjaitan,irwanpanjaitan@gmail.com,081214767976,23/01/2021,ACTIVE
68,Bela Wibowo,bela_wibowo540@gmail.com,087700343244,05/09/2021,active
69,Zulfa Rizky,zulfa.rizky513@gmail.com,+628120715969,15-07-22,banned
71,HADI HArtono,hadi-hartono885@gmail.com,+628137449058,2018-10-31,inactive
74,Qori Sirait,qorisirait809@gmail.com,+6282164492519,2019-08-03,active
78,Jasmine Batubara,jasmine_batubara515@gmail.com,08220758181,13/03/2021,inaktif
80,Arif Suharto,arif.suharto@gmail.com,+6282277901043,05-09-19,Aktif
81,Nando Sinaga,nando.sinaga@gmail.com,087897117980,12-10-23,active
82,Hadi Mulyadi,hadi.mulyadi585@gmail.com,6281351888880,2022-05-19,active
83,Jihan Panjaitan,erfan.sudirman272@gmail.com,+6285319520585,19-12-19,inactive
84,Wulan Angin,wulan_angin38@gmail.com,0852548687,03/11/2020,ACTIVE
85,Kurnia Mulyadi,kurnia-mulyadi@gmail.com,+6287776527758,28/12/2020,Aktif
86,Oky Pratama,oky.pratama559@gmail.com,08134479627,2021-12-10,active
87,Fani Perangin,faniperangin77@gmail.com,62851297021,24-08-20,active
89,Winda Hartono,jihan_sudirman@gmail.com,+628858144739,15-03-21,inactive
90,SARI WIBOWO,sari.wibowo921@gmail.com,6285851884422,20-01-22,active
93,Nurul Siregar,nurul.siregar355@gmail.com,+6285284249818,22-11-19,inactive
94,Nurul Nugroho,nurul-nugroho@gmail.com,081294396907,2024-02-13,banned
95,Yogi Simbolon,yogi_simbolon305@gmail.com,62812767735,20/10/2024,active
98,Karim Purba,karim-purba@gmail.com,+628828016245,2022-07-10,active
100,Hadi Saputra,hadisaputra@gmail.com,628588729825,2024-11-16,active
104,Dinda Tarigan,dinda-tarigan625@gmail.com,085643443757,29-11-21,baned
105,WINDA MULYADI,winda_mulyadi918@gmail.com,0857415747,26/05/2020,inactive
108,Karim Soeharto,karim-soeharto@gmail.com,+6288915478872,2023-08-28,active
113,tono sembiring,tono-sembiring@gmail.com,+6281139106518,04/09/2018,inactive
116,Eko Susanto,ekosusanto@gmail.com,08129030673,20/01/2024,ACTIVE
117,Rina Kusuma,rina-kusuma592@gmail.com,+6282283644089,19-12-19,banned
119,Hadi Soekarno,doni-kurniawan63@gmail.com,+6288726343517,28/02/2022,inactive
120,Kurnia Rahayu,kurniarahayu@gmail.com,62887735403,18-02-20,active
122,Vino Permana,vino-permana321@gmail.com,6285320489964,17/09/2019,active
124,Dian Susanto,diansusanto@gmail.com,0853203875,05-09-18,banned
126,Prita Soekarno,pritasoekarno@gmail.com,08855461567,03/05/2024,banned
127,Maman Siregar,mamansiregar96@gmail.com,+628870021765,06/05/2024,inactive
128,Ani Gunawan,ani_gunawan@gmail.com,6285690250392,20/06/2022,active
129,Irwan Sembiring,irwan_sembiring694@gmail.com,6282218501631,27-10-21,BANNED
131,ROsi RamAdhaN,rosi_ramadhan460@gmail.com,08138199560,2021-04-10,active
139,Edy SImBoLon,edy.simbolon@gmail.com,628783622660,20/11/2024,inactive
142,HANA ISKANDAR,hana.iskandar589@gmail.com,088282827422,2021-07-12,banned
143,Hendra Soebagyo,mira_soeharto462@gmail.com,087787676772,05-12-18,active
148,Imam Batubara,imam_batubara651@gmail.com,62877637454,15-10-21,inactive
150,Irwan Soebagyo,irwan-soebagyo@gmail.com,62851643611,05/01/2018,inactive
152,Yogi Kusuma,yogi.kusuma@gmail.com,62889927532,14-08-22,banned
156,Qori Angin,qori_angin719@gmail.com,6288792414183,29-09-19,active
158,joko wibowo,jokowibowo168@gmail.com,6288542524105,2022-10-25,inactive
160,bela santoso,bela.santoso48@gmail.com,+62822086353,01-09-22,active
161,PanjI KarTiNi,panji_kartini9@gmail.com,+628899375973,17/02/2024,active
162,budi manurung,budimanurung974@gmail.com,6287741383670,07-08-19,active
164,Nanda Mulyadi,nanda_mulyadi718@gmail.com,+62856132912,09/03/2019,inactive
166,Rosi Lubis,wulan_angin38@gmail.com,+62851678831,08/03/2023,activee
167,lestari wibowo,lestari.wibowo@gmail.com,+6281394101372,2019-01-12,active
169,Pipit Perangin,pipit_perangin904@gmail.com,08562638380,16-04-22,active
170,Wulan Tarigan,wulan-tarigan398@gmail.com,085830407859,11/08/2020,active
173,Candra Perangin,candra.perangin941@gmail.com,082221851569,2019-02-18,active
176,Sri Kartini,sri-kartini@gmail.com,085315410067,15/09/2022,inactive
177,Zulfa Sirait,zulfa_sirait@gmail.com,+62813405411,01/11/2021,active
178,Irwan Fauzi,irwanfauzi104@gmail.com,087888444310,29-05-22,inactive
179,yunus hidayat,qorihartono@gmail.com,+62882103241,24/04/2023,active
180,Karim Simbolon,karimsimbolon658@gmail.com,+628772704774,2020-07-15,inactive
182,Vino SireGaR,vino.siregar@gmail.com,0878632945,02/10/2018,active
184,Doni Soeharto,doni-soeharto899@gmail.com,+6288297024629,29-10-24,banned
185,Laila Susanto,laila.susanto51@gmail.com,+628114447132,15-05-21,inactive
186,Bella Suryadi,bellasuryadi193@gmail.com,+6288250821486,10-07-19,inactive
188,Mira Batubara,mira-batubara@gmail.com,628130602933,11-07-20,active
190,Tono Wahyudi,tono_wahyudi@gmail.com,6285999441715,06-02-21,active
195,Arif Soebagyo,arif_soebagyo@gmail.com,62812743292,29/06/2023,active
196,Opik Sitorus,opik_sitorus@gmail.com,6285250583003,15-07-20,active
197,ZahRA Kusuma,zahra_kusuma@gmail.com,+62811323098,24/11/2019,active
200,Sari Brahmana,sari.brahmana367@gmail.com,081273753001,29-03-19,banned
201,Zulfa Hidayat,zulfahidayat@gmail.com,628534470120,2021-04-05,activee
207,Fitri Nainggolan,tono-sembiring@gmail.com,+6281280199488,27-04-20,banned
211,Bela Sudirman,bela.sudirman@gmail.com,+6285866934654,29/01/2023,active
218,Candra Nasution,candra_nasution@gmail.com,628593993056,2019-04-10,active
220,Lukman Firmansyah,lukman_firmansyah@gmail.com,6287812075011,11/08/2018,baned
221,Oscar GinTInG,oscarginting@gmail.com,628214914766,2018-05-07,active
222,ERFAN GUNAWAN,erfan-gunawan@gmail.com,62859882100,03-06-24,inactive
224,ilham budiman,ilham_budiman@gmail.com,628131397552,18/08/2020,active
229,Joko Sembiring,joko.sembiring754@gmail.com,08533145303,2023-10-23,active
231,Yuni Sinaga,yuni.sinaga529@gmail.com,+628829082723,12-11-18,banned
232,Winda Handoko,windahandoko@gmail.com,+628217739260,25/09/2020,active
233,Jasmine Karo,jasminekaro@gmail.com,0856869904,18/12/2018,inactive
236,Nando Tarigan,nando_tarigan535@gmail.com,08853765991,09/10/2022,active
237,Wulan Sudirman,wulan-sudirman613@gmail.com,081109818063,2021-07-17,active
242,Putri Perangin,bela_wibowo540@gmail.com,62811146566,28/07/2024,inactive
243,Siti Rizky,siti-rizky744@gmail.com,+6285337690426,05/09/2023,inactive
245,Imam Angin,imam.angin820@gmail.com,+6288504341651,21/03/2024,inactive
249,Doni Harahap,doni.harahap562@gmail.com,+6288255276365,2022-02-04,active
251,Chandra Tarigan,chandra-tarigan@gmail.com,0851347175,2020-11-30,active
252,Hesti Ginting,hestiginting@gmail.com,6285298245587,05/01/2023,active
253,Opik Mulyadi,opik.mulyadi656@gmail.com,628891125355,08-04-21,active
254,Nando Setiadi,nando-setiadi766@gmail.com,0851234132,15/06/2022,active
257,Tono Angin,tono_angin537@gmail.com,+62887174564,2019-09-30,active
259,Murti Ginting,murti_ginting849@gmail.com,+628133894484,19/08/2022,active
260,Indah Kusuma,indah_kusuma279@gmail.com,+62811080214,07/01/2021,Active
261,rahmad fauzi,rahmadfauzi@gmail.com,+628575705120,2020-12-27,active
262,Fira Simbolon,fira-simbolon837@gmail.com,08537303718,2020-05-03,active
264,Fitri Tambunan,jasmine_simbolon@gmail.com,6288292513271,2024-12-08,inaktif
265,Rina Rahayu,rinarahayu129@gmail.com,+6288757306524,2018-06-11,aktive
267,Fira Panjaitan,fira_panjaitan@gmail.com,6285935186387,08/03/2024,banned
268,Qori Harahap,qoriharahap@gmail.com,0851317310,27-05-24,active
273,Oscar Panjaitan,oscar_panjaitan@gmail.com,6281124043350,04-02-21,inactive
274,Hesti Sembiring,hestisembiring472@gmail.com,08569334419,26-06-22,active
276,Putri Rizky,putririzky650@gmail.com,+62885589258,23/06/2020,active
277,Karim Batubara,karimbatubara228@gmail.com,+62822517908,2022-06-24,active
279,JasMine Pratama,jasmine-pratama@gmail.com,62812924051,2021-06-03,inactive
282,MIra TArigaN,mira-tarigan641@gmail.com,62856460843,2019-09-14,inactive
285,Murti Siregar,murti-siregar@gmail.com,0851994999,03-08-20,active
287,Siti Suryadi,siti.suryadi@gmail.com,088175736609,08-04-22,active
289,Kurnia Mulyadi,kurnia-mulyadi@gmail.com,+6281282771812,25-07-24,inactive
291,Bela Perangin,bela_perangin@gmail.com,62822220644,2023-01-02,banned
292,Indah Wibowo,indahwibowo638@gmail.com,+628828097339,2023-05-03,inactive
294,Jasmine Pramono,jasminepramono@gmail.com,085149998279,15/01/2022,active
297,Fitri Rizky,fitri_rizky@gmail.com,+6288730344144,07-09-23,active
298,Budi Wibowo,budiwibowo@gmail.com,+6285877027278,2021-10-04,acitve
299,murti rizky,murti-rizky@gmail.com,628581240568,11-11-19,banned
302,Fajar Handoko,fajarhandoko5@gmail.com,628137018409,02-07-21,active
304,Fira Lubis,fira-lubis@gmail.com,085758702070,2019-03-10,active
305,Sri Sitorus,sri_sitorus632@gmail.com,+6285281792171,2023-02-10,banned
306,Ulfa Simbolon,ulfa-simbolon935@gmail.com,08587701715,2023-05-15,active
307,Qori Sudirman,qorisudirman@gmail.com,628138769639,25-09-20,active
311,Rina Panjaitan,rinapanjaitan721@gmail.com,+62811696566,2022-04-12,inactive
312,Tari Firmansyah,tari_firmansyah864@gmail.com,085722010276,11/07/2019,active
315,ChanDra PErangin,chandra-perangin@gmail.com,6285794079290,10-04-21,banned
316,Dewi Mulyadi,dewimulyadi872@gmail.com,08564019292,2023-01-04,inaactive
317,Joko Wahyudi,joko.wahyudi@gmail.com,082227663723,24-06-24,active
318,Hendra Setiadi,hendrasetiadi172@gmail.com,+628578366742,2023-12-13,active
323,joko batubara,joko.batubara625@gmail.com,62882286391,14-12-22,active
325,yogi tambunan,yogitambunan375@gmail.com,+6285732806346,14-03-19,banned
326,FanI NainGgolan,faninainggolan@gmail.com,628121387829,12/08/2020,active
327,Hadi Nainggolan,hadinainggolan@gmail.com,08121792911,2019-04-13,banned
328,opik gunawan,opik-gunawan831@gmail.com,088925309251,2019-05-10,active
329,Nisa Nugroho,nisa_nugroho@gmail.com,0877071002,01-01-19,banned
330,Linda Mulyadi,linda_mulyadi@gmail.com,085676329092,10-08-23,active
334,Sari Sirait,sari_sirait56@gmail.com,0881652735,09/01/2021,active
338,hesti permana,hesti.permana136@gmail.com,0813742799,2018-04-10,inactive
341,hesti ramadhan,hesti.ramadhan142@gmail.com,6282179335548,2022-09-29,active
343,Winda Wibowo,winda.wibowo@gmail.com,+62887756704,14/02/2020,active
345,Vera Gunawan,veragunawan152@gmail.com,+6285128422223,24/04/2019,active
349,Andi Pratama,andipratama525@gmail.com,+6285898056265,2022-05-01,active
351,Vino Soebagyo,vino_soebagyo@gmail.com,628562879232,2022-04-13,inactive
352,Yunus Susanto,yunus-susanto506@gmail.com,0811447146,2020-01-05,banned
353,ROsI Wijaya,rosiwijaya@gmail.com,0889257252,2018-08-05,active
356,Hesti Perangin,hestiperangin428@gmail.com,0822754527,13-09-24,inaktif
357,Dinda Purnomo,irwanpanjaitan@gmail.com,082223423216,03/04/2019,active
359,Indah Firmansyah,indah-firmansyah972@gmail.com,088593891190,07/12/2023,Active
360,Kurnia Mulyadi,kurniamulyadi@gmail.com,628829271256,04/10/2022,inactive
361,PuTRI ManUrUNg,putri_manurung232@gmail.com,+62852752071,2022-06-12,inactive
362,BAMBANG WIBOWO,bambangwibowo@gmail.com,+628523961367,14-02-21,BANNED
369,Lukman Nasution,lukman-nasution171@gmail.com,+628521834404,2024-06-07,activee
370,Maman Perangin,mamanperangin607@gmail.com,088976351484,09-11-22,inactive
371,Arif Saputra,arif_saputra@gmail.com,62885973748,2024-11-21,inactive
375,Lestari HaRTono,lestari.hartono958@gmail.com,0821347649,2018-08-18,inactive
376,Hana Iskandar,hana_iskandar@gmail.com,08595409003,02-11-20,active
378,murti soeharto,murti_soeharto483@gmail.com,62878248156,02-10-24,inactive
381,Imam Pramono,imampramono@gmail.com,+628522069694,04/09/2019,active
382,Wati SeMbIriNg,wati.sembiring@gmail.com,628522620443,2024-12-05,active
383,Hana Karo,hanakaro@gmail.com,6287736694118,29/08/2018,active
385,Zulfa Nasution,zulfa-nasution728@gmail.com,+628210274564,14-12-20,inaktif
389,Imam Pratama,imam_pratama@gmail.com,08774214764,07/10/2024,active
392,Yogi Pramono,yogipramono@gmail.com,6282166179454,26/07/2024,BANNED
393,AdIT WIjAya,adit-wijaya@gmail.com,081394168006,23/04/2019,active
396,Kevin Hartono,kevin_hartono53@gmail.com,08787998407,2022-06-26,inactive
399,Galih Soeharto,galih.soeharto@gmail.com,6281372232971,2022-08-31,active
400,Nanda Handoko,nanda-handoko903@gmail.com,62851801561,04/12/2024,active
402,Opik Perangin,opikperangin@gmail.com,62821524787,11/02/2019,banned
404,Rosi Hidayat,rosi.hidayat142@gmail.com,+6288150720811,2021-10-17,inactive
410,Vino Handoko,vino_handoko603@gmail.com,6288267762282,09-06-23,inactive
411,Fajar Ramadhan,fajar.ramadhan467@gmail.com,6285151961159,01/04/2021,inactive
412,Nurul Wibowo,nurul-wibowo302@gmail.com,082260443270,17-05-19,active
413,agus soebagyo,agus-soebagyo580@gmail.com,+6288292287772,25/08/2021,activee
416,Bella Tambunan,bellatambunan349@gmail.com,+6281156411182,14/03/2021,active
417,OscAr SUDirman,oscarsudirman@gmail.com,62889788614,2018-09-06,inactive
418,gilang manurung,yunus-susanto506@gmail.com,08118913824,2024-05-16,inactive
419,Bambang Budiman,bambang.budiman@gmail.com,6287870079420,2018-09-04,active
423,Mira Lubis,miralubis128@gmail.com,0881304531,17-11-24,active
428,Doni Wijaya,doni-wijaya861@gmail.com,0882505831,23-09-24,inactive
429,Doni Angin,doniangin@gmail.com,+62813070496,27/09/2018,banned
430,rina ginting,rina_ginting99@gmail.com,628116769915,2018-04-17,inactive
432,Fajar Siregar,fajar-siregar@gmail.com,+6285754508920,30-08-20,inactive
433,Hendra Sitorus,hendra.sitorus@gmail.com,088279599594,2022-09-11,active
435,GALIH SaNTOSo,galih-santoso@gmail.com,0811410261,18/10/2021,active
437,Rosi Susanto,rosi-susanto@gmail.com,081242897317,23/11/2024,active
438,Bela Sirait,bela-sirait511@gmail.com,+6285977749690,28/04/2020,active
440,Ani Hasibuan,ani_hasibuan479@gmail.com,+628824602734,2018-11-07,active
441,Xena Pramono,xenapramono805@gmail.com,0821508353,2021-09-10,active
442,Winda Saputra,winda-saputra9@gmail.com,+628779078263,18-07-20,Banned
443,Lukman Simbolon,lukman_simbolon740@gmail.com,0858663778,2018-05-04,active
444,JASMINE SOEBAGYO,jasminesoebagyo512@gmail.com,08786845909,12/05/2018,active
445,Candra Sembiring,candra_sembiring@gmail.com,08873715974,17/01/2019,active
446,gilang purnomo,gilang_purnomo@gmail.com,08773348170,18-02-22,active
448,Zahra Karo,zahra_karo@gmail.com,0881693859,2023-07-04,inactive
449,Jasmine Susanto,jasmine_susanto356@gmail.com,628513296762,18/05/2024,inactive
455,Fira Tambunan,fira.tambunan109@gmail.com,08115063731,14-02-21,banned
456,hana susanto,hana-susanto786@gmail.com,6288724195625,20-12-19,inaktif
457,Arif Budiman,arifbudiman624@gmail.com,6285390309143,22/10/2022,banned
458,BAMBANG RAHAYU,bambang.rahayu156@gmail.com,62812975245,12-06-18,baned
459,Nisa Setiadi,nisa.setiadi868@gmail.com,085203396852,17-12-22,active
460,Agus Soebagyo,agussoebagyo@gmail.com,0813983381,12-10-22,inactive
461,Zahra Nugroho,zahra.nugroho@gmail.com,+628893471566,2019-11-19,inactive
462,Oky Purba,oky.purba840@gmail.com,+62878498282,2020-11-19,inactive
463,Zahra Hasibuan,zahra_hasibuan74@gmail.com,62882230085,2023-07-06,inactive
464,Karim Rizky,karimrizky@gmail.com,+62889364587,17-02-22,active
467,Murti Permana,murtipermana112@gmail.com,+6285264027011,08-09-22,inactive
468,Qori Fauzi,qori.fauzi@gmail.com,+6285117932302,2020-02-25,inactive
469,Rahmad Angin,rahmad.angin82@gmail.com,+628211509377,17/02/2019,active
471,Arif Kartini,arif_kartini@gmail.com,+62821762091,2023-12-14,banned
473,Opik SoehARTo,opiksoeharto131@gmail.com,+628872717833,16/05/2020,ACTIVE
474,Sri Suharto,sri.suharto952@gmail.com,+6285347128715,05-07-20,BANNED
475,Mira Setiawan,mira_setiawan670@gmail.com,0856411159,10-02-20,active
476,JASMINE PANJAITAN,jasmine_panjaitan@gmail.com,088936655289,16/08/2024,active
477,Karim Santoso,karim.santoso836@gmail.com,+62881942095,19-06-21,banned
479,Yogi Kartini,yogikartini562@gmail.com,+628826618443,2024-02-23,active
483,Fitri Nainggolan,fitri.nainggolan24@gmail.com,6282126764921,25/08/2021,Active
484,Erfan Purnomo,erfan_purnomo570@gmail.com,6288913129208,2023-01-06,active
487,Yogi Budiman,yogi.budiman606@gmail.com,0878844626,12/02/2023,active
491,Erfan Ginting,erfan_ginting@gmail.com,088522269405,17-10-20,banned
495,Imam Nugroho,imam.nugroho@gmail.com,+628824309634,13/10/2023,inactive
496,Pipit Budiman,pipit_budiman337@gmail.com,08112650167,20/03/2020,inactive
497,Bela Hidayat,belahidayat160@gmail.com,+628774562841,02-12-22,inactive
498,Irwan Kusuma,irwan-kusuma@gmail.com,0857266502,2020-03-26,banned
500,Nanda Rahayu,nandarahayu445@gmail.com,+62882639282,2020-10-18,BANNED
503,Panji Panjaitan,panji_panjaitan253@gmail.com,0812053474,20/10/2024,inactive
505,Winda Handoko,windahandoko@gmail.com,62852711895,19-05-21,inactive
506,Sari Tarigan,karim-soeharto@gmail.com,+6288748557161,2023-06-01,inactive
509,Maman Susanto,maman.susanto965@gmail.com,+6281233810595,22/08/2021,aktive
511,Imam Setiadi,imam.setiadi837@gmail.com,+62856962736,18/02/2022,inactive
514,Mira Santoso,ani_hasibuan479@gmail.com,088751327972,2021-06-13,inactive
515,nurul hartono,nurulhartono@gmail.com,62857862030,2020-07-17,active
518,yuni soeharto,yuni.soeharto@gmail.com,08777119642,2019-01-06,active
521,Galih Budiman,galih.budiman302@gmail.com,62878330212,27-03-22,active
522,oky panjaitan,okypanjaitan@gmail.com,0859131096,06/09/2019,inactive
527,Rudi Hartono,rudihartono578@gmail.com,0858405468,2020-03-09,ACTIVE
532,Tono Wahyudi,tono_wahyudi@gmail.com,62882546692,2022-12-11,inactive
537,Selvi Soebagyo,selvi-soebagyo@gmail.com,+628582356778,21-10-19,inactive
538,Fani Iskandar,fani.iskandar@gmail.com,62858272751,2022-07-23,inactive
539,Budi Batubara,budi_batubara@gmail.com,08528296353,22-02-20,inactive
540,Siti Panjaitan,imam.nugroho@gmail.com,+62885776655,2024-01-31,inactive
543,Edy Soeharto,edy_soeharto8@gmail.com,628574463060,05/03/2018,active
546,linda hidayat,lindahidayat586@gmail.com,628225233438,01-10-20,Inactive
547,Imam Sudirman,edy_nasution956@gmail.com,081191179112,2021-03-02,active
549,Yogi Santoso,yogisantoso121@gmail.com,+62887284139,02-05-18,active
550,Chandra Purba,chandra-purba@gmail.com,+62822124473,2019-01-12,aktive
551,Gilang Setiadi,gilang_setiadi447@gmail.com,+62851461994,10/11/2019,INACTIVE
553,Linda Manurung,linda-manurung@gmail.com,08582531355,2019-08-18,active
554,Siti Harahap,siti.harahap477@gmail.com,628134938318,12-02-21,banned
555,Yuni Sembiring,yuni_sembiring326@gmail.com,08127046117,02-12-19,active
557,Andi Setiawan,andi_setiawan741@gmail.com,+628591857906,07-05-21,inactive
558,Zulfa Budiman,zulfa-budiman@gmail.com,0812215632,27/12/2018,INACTIVE
559,Hana Kartini,hanakartini@gmail.com,0857459642,19-07-19,inactive
562,Pipit Purba,pipitpurba285@gmail.com,6285712711307,2020-02-06,active
563,Vino Firmansyah,vinofirmansyah@gmail.com,+62852686850,2022-12-13,active
564,Doni Rahayu,doni_rahayu199@gmail.com,+6285148978610,16/10/2020,active
565,Eko Rahayu,eko.rahayu@gmail.com,08776134732,2020-04-13,banned
567,Vino Sitorus,vino-sitorus@gmail.com,6281157907371,05/07/2018,inactive
568,Xena Pramono,xena.pramono@gmail.com,+628587584745,23/02/2023,active
570,Prita Panjaitan,prita_panjaitan@gmail.com,628878245569,2022-09-06,active
572,Irwan Siregar,irwan-siregar16@gmail.com,085710740650,2018-07-24,active
575,Zahra Pratama,zahra_pratama@gmail.com,+62821875857,2021-12-21,inactive
576,Nisa Manurung,nisamanurung981@gmail.com,0857985298,2024-05-05,active
579,eko setiawan,ekosetiawan@gmail.com,08210876014,2022-07-16,active
581,XenA FirmANSyaH,xena_firmansyah44@gmail.com,+628810258835,2023-11-21,inactive
582,Agus Purnomo,agus-purnomo@gmail.com,628571767929,08-09-23,inactive
583,Vera Kusuma,vera-kusuma599@gmail.com,081123117753,27/08/2020,active
584,Jihan Permana,jihanpermana627@gmail.com,08135902517,27/03/2022,banned
585,Jasmine Ginting,jasmine_ginting696@gmail.com,08518319013,17/05/2018,active
587,Agus Batubara,agusbatubara@gmail.com,62857173098,17/09/2021,active
588,Xena Pramono,xenapramono@gmail.com,088738984690,15-02-24,active
589,Kevin Simbolon,kevinsimbolon34@gmail.com,+628520238503,15/07/2023,inaactive
590,Ilham Perangin,ilhamperangin@gmail.com,6281372401078,11-07-20,active
591,Prita Simbolon,prita.simbolon@gmail.com,088760870662,27-10-22,inactive
593,ROSI MULYADI,rosimulyadi@gmail.com,+62887753745,2024-03-08,banned
594,Rosi Sinaga,rosisinaga56@gmail.com,628821328348,13/05/2020,active
595,Hadi Susanto,hadi_susanto@gmail.com,+628124964104,2024-11-02,inactive
596,Andi Soebagyo,andi.soebagyo211@gmail.com,6287804085095,11-12-20,active
597,Dewi Nasution,dewi_nasution@gmail.com,6287748769984,2019-10-28,inactive
599,NANDO SANTOSO,nando-santoso857@gmail.com,+62881707057,29/03/2024,inactive
601,Rudi Purnomo,rudi-purnomo@gmail.com,628560580935,24/03/2019,inactive
606,Yuni Panjaitan,yuni_panjaitan806@gmail.com,6282236929445,09/07/2021,active
607,Murti Manurung,murti_manurung@gmail.com,+62811164871,02/06/2019,inactive
608,Dewi Iskandar,dewi_iskandar926@gmail.com,087783415599,30/11/2024,INACTIVE
615,Doni Ramadhan,doniramadhan@gmail.com,08893347272,2023-07-28,active
616,Sari Angin,sari.angin4@gmail.com,+6288732064969,19-08-20,active
617,Wulan Sinaga,wulan-sinaga@gmail.com,628826958741,15/06/2020,ACTIVE
619,Adit Handoko,adithandoko576@gmail.com,628586766404,12-06-23,active
621,Fani Sudirman,fanisudirman@gmail.com,62852863425,2021-09-19,active
623,Fitri Kartini,fitri.kartini838@gmail.com,081360089219,22/05/2022,banned
626,WuLaN SEmbIring,wulansembiring786@gmail.com,+6285752059960,03-01-21,active
630,Vino Santoso,vino_santoso@gmail.com,62852187510,04-04-23,active
631,Agus Lubis,agus-lubis@gmail.com,+628579459648,26-01-24,banned
632,Sari Setiawan,sari.setiawan@gmail.com,62821896599,2024-10-13,inaactive
633,Opik Firmansyah,opikfirmansyah@gmail.com,0822270510,16-07-19,inaactive
634,Rahmad Sitorus,rahmadsitorus247@gmail.com,+628824858193,12-11-19,active
636,Imam Panjaitan,imampanjaitan201@gmail.com,62852945154,22/08/2023,banned
637,Panji Susanto,panji_susanto45@gmail.com,6281207977278,02/03/2019,active
638,Dewi Perangin,dewi.perangin@gmail.com,+62821705184,06-03-20,banned
640,Rahmad Susanto,rahmad_susanto@gmail.com,+628871579197,28/12/2018,active
641,IndAH Fauzi,indah.fauzi@gmail.com,087742429563,2020-02-11,active
646,laila siregar,laila.siregar@gmail.com,+6285669028249,17/11/2023,inactive
647,Lestari Kusuma,lestarikusuma@gmail.com,08596270232,2021-05-19,active
648,Indah Hartono,indah.hartono158@gmail.com,+628511786376,14-03-23,active
649,DONI SIRAIT,doni.sirait410@gmail.com,6287868157903,28/10/2024,BANNED
650,Nanda Panjaitan,nandapanjaitan626@gmail.com,62853730346,2019-01-16,active
651,Indah Sitorus,indah_sitorus36@gmail.com,08518171516,20/02/2018,active
652,Fajar Sembiring,fajarsembiring498@gmail.com,08574197857,04-10-21,active
653,Eko Soeharto,eko_soeharto@gmail.com,085894389760,2023-03-19,active
654,Fitri Soebagyo,fitri-soebagyo259@gmail.com,62857842456,2018-03-13,active
655,yogi angin,yogiangin545@gmail.com,081312276457,03/12/2024,Aktif
657,Bambang Pramono,bambang.pramono585@gmail.com,6288530597364,2020-01-31,inactive
658,Ani Brahmana,ani-brahmana@gmail.com,08112447951,25/06/2020,active
660,Zulfa Handoko,zulfa_handoko262@gmail.com,62889785138,2022-02-21,active
662,NANDO BUDIMAN,nando.budiman114@gmail.com,087765369455,09-03-19,banned
663,Arif Purba,arif_purba507@gmail.com,+62851640857,07-12-19,active
666,Agus Wijaya,agus.wijaya701@gmail.com,088119523710,13-05-18,banned
667,Murti Soebagyo,murti_soebagyo73@gmail.com,62887980770,2021-04-14,INACTIVE
668,Ani Panjaitan,ani_panjaitan@gmail.com,085612565237,2020-05-10,active
670,chandra mulyadi,chandra-mulyadi731@gmail.com,6285147742229,2021-04-12,active
671,Putri Wijaya,putri.wijaya@gmail.com,+6288586792529,2023-08-15,inactive
672,Hana Sirait,hana.sirait892@gmail.com,+62877153433,2019-09-07,banned
675,Kurnia Fauzi,kurnia.fauzi536@gmail.com,0853997718,2018-07-29,baned
681,Arif Batubara,arif_batubara6@gmail.com,+6285927403344,10/03/2022,active
683,Jihan Iskandar,jihan.iskandar287@gmail.com,081254857417,05-07-19,active
686,Vera Wahyudi,vera.wahyudi123@gmail.com,+62882808509,26/11/2022,inactive
688,Kurnia PeRmana,kurniapermana412@gmail.com,62877035624,01-07-20,banned
689,Bella Tarigan,bella-tarigan@gmail.com,08522108902,2024-01-22,active
690,Bella Soebagyo,bella.soebagyo207@gmail.com,+62856350271,17/03/2022,inactive
695,Indah Panjaitan,indah.panjaitan31@gmail.com,+6287754950050,12/04/2023,actve
696,hadi manurung,hadi.manurung@gmail.com,+62853611776,2024-01-08,active
697,Nando Soekarno,nando_soekarno922@gmail.com,+628879177932,17-06-20,active
698,Hadi Gunawan,hadi_gunawan@gmail.com,0856457988,2024-06-22,inaktif
701,Gilang Hasibuan,gilang-hasibuan782@gmail.com,+6287808213711,04-03-24,active
702,Fajar Soebagyo,fajarsoebagyo@gmail.com,62852303589,14-09-19,inactive
703,Dian Rahayu,dian.rahayu@gmail.com,082129328963,14/02/2021,inactive
704,Xena Sirait,xena_sirait480@gmail.com,62857148439,29/08/2024,active
706,Kevin Kurniawan,kevin-kurniawan779@gmail.com,6282148197374,27-05-19,Banned
707,Opik Hasibuan,opik-hasibuan897@gmail.com,+62856769274,09-07-20,active
709,fani pratama,fani_pratama249@gmail.com,6287841789969,27-10-23,active
711,Doni Mulyadi,doni_mulyadi870@gmail.com,628593470574,20/10/2019,inactive
713,Zulfa Angin,zulfa-angin877@gmail.com,+628812250139,25-06-21,banned
714,Hesti Mulyadi,hesti_mulyadi@gmail.com,081396425856,2019-06-29,active
715,Xena Perangin,xena.perangin@gmail.com,6282240733337,03/06/2020,active
716,Xena Hartono,xena_hartono859@gmail.com,6288736289696,07-12-20,baned
717,Galih Soekarno,galih-soekarno@gmail.com,62859253892,31-01-19,aktive
719,Prita Setiawan,prita_setiawan@gmail.com,+62822514940,2024-09-14,inactive
721,yuni perangin,yuni.perangin@gmail.com,62851071511,11-07-22,banned
722,Jihan Soekarno,jihan.soekarno868@gmail.com,08572647124,03/07/2022,active
723,Edy Setiadi,edysetiadi537@gmail.com,6281205120800,2021-08-31,active
724,Dewi Soekarno,dewisoekarno@gmail.com,62882835129,13-03-22,active
725,Rahmad Ramadhan,rahmad.ramadhan834@gmail.com,6281214415298,17/11/2019,inactive
730,Dian Budiman,dianbudiman@gmail.com,+62851513739,15/11/2024,active
732,Vera Sitorus,vera-sitorus210@gmail.com,628116643749,12-02-18,banned
733,Karim Susanto,karim.susanto@gmail.com,0882285246,12-03-21,active
734,Qori Budiman,qoribudiman@gmail.com,62882280771,02/04/2019,active
735,JiHan Purnomo,jihanpurnomo@gmail.com,+62856573066,2019-09-20,inactive
736,Agus Gunawan,agus_gunawan26@gmail.com,08858228501,2018-09-24,inactive
737,Erfan Wijaya,erfan-wijaya@gmail.com,0853609069,06/05/2019,inaktif
740,Fira Budiman,fira-budiman214@gmail.com,+6288177675556,30-06-19,inactive
744,Candra BudimaN,candra.budiman@gmail.com,+6282196288743,10-04-19,active
746,bambang panjaitan,bambang-panjaitan694@gmail.com,085254159709,2024-08-14,active
747,Galih Budiman,galihbudiman502@gmail.com,085344765047,2018-11-25,inactive
748,Rudi Kusuma,rudikusuma@gmail.com,+628526604655,2023-10-01,inactive
749,Dinda Kusuma,dinda.kusuma501@gmail.com,088115810213,01/11/2018,active
750,Agus Hidayat,agushidayat@gmail.com,6281159129751,14/11/2024,active
751,Lestari Saputra,lestari.saputra@gmail.com,+62853016583,04/05/2023,aktive
755,Ilham Wahyudi,ilham-wahyudi761@gmail.com,+628575833920,2021-12-16,inactive
758,Yunus Brahmana,yunus.brahmana@gmail.com,08137942387,2020-06-05,inactive
761,Rosi Nainggolan,rosi-nainggolan@gmail.com,0858877941,2023-01-16,Inactive
763,Nando Tarigan,nando.tarigan@gmail.com,6281238843660,2021-05-06,active
765,Nando Hasibuan,nando-hasibuan@gmail.com,085875256806,2021-08-19,active
767,Irwan Ramadhan,irwan-ramadhan@gmail.com,+628136808662,24/02/2024,active
768,SeLVi NUgROHO,selvi.nugroho513@gmail.com,+62877847068,06/10/2018,active
770,Hana Purba,hana-purba@gmail.com,+62877470798,20/07/2022,active
773,Maya Santoso,mayasantoso970@gmail.com,+628819210533,30-09-22,active
776,Ulfa Manurung,hadi.hartono@gmail.com,628134734043,19-08-20,inactive
777,budi setiadi,budi_setiadi573@gmail.com,628125195778,2019-11-03,banned
779,Oscar Kusuma,oscar_kusuma@gmail.com,+6288529582923,12/06/2022,inactive
782,Doni Kartini,hadinainggolan@gmail.com,0852114716,04-01-22,inactive
783,Siti Iskandar,siti-iskandar214@gmail.com,628899907075,10/12/2021,active
785,Doni Hasibuan,doni_hasibuan36@gmail.com,62881961029,26-04-18,inactive
786,Agus Purba,agus_purba@gmail.com,6282187274204,2024-09-28,inactive
787,Eko Kurniawan,eko.kurniawan494@gmail.com,087726042359,14/07/2023,Active
788,Rahmad Soekarno,rahmadsoekarno@gmail.com,62889775608,17-02-22,inactive
789,Maya Manurung,maya_manurung@gmail.com,+628596832102,20-12-18,active
794,Irwan Hartono,irwanhartono@gmail.com,0887205464,18-03-23,inaactive
796,Dinda Tarigan,dinda-tarigan645@gmail.com,+62885553935,08/06/2021,active
798,Fitri Fauzi,fitri.fauzi211@gmail.com,628823674978,30/10/2021,active
799,Nando Setiawan,nando_setiawan@gmail.com,+628828948963,24/12/2020,inactive
801,Pipit Brahmana,pipit-brahmana@gmail.com,088753263890,19/10/2019,inactive
802,Opik Suryadi,opik.suryadi866@gmail.com,088122341034,18-11-22,banned
806,SELvi SItorus,selvi-sitorus@gmail.com,62851980418,2020-11-11,active
807,Xena Hidayat,xena.hidayat235@gmail.com,0885319092,26-03-21,inactive
808,Oky Nugroho,oky.nugroho@gmail.com,0856817852,18-09-19,active
810,Winda Hasibuan,windahasibuan@gmail.com,62812620478,30-06-23,ACTIVE
812,Hana Pramono,hana_pramono392@gmail.com,+628117303627,15-08-24,active
813,Yogi Tambunan,nando-setiadi766@gmail.com,+628566775372,31/08/2022,active
814,Hadi Angin,hadiangin359@gmail.com,62878945887,2018-06-15,active
815,Fani Nasution,fani.nasution@gmail.com,628870083850,2023-01-11,active
817,PANJI HIDAYAT,panjihidayat632@gmail.com,+62853040236,20/05/2024,inactive
818,Nurul Sitorus,nurul.sitorus@gmail.com,085671372711,2023-02-26,banned
820,Zulfa Fauzi,nandapanjaitan626@gmail.com,+62856283337,20/09/2019,banned
821,Fira Purba,fira_purba581@gmail.com,0853971506,2022-07-21,active
822,Nisa Simbolon,nisa-simbolon122@gmail.com,+628829366343,05/11/2024,active
823,Irwan Brahmana,irwanbrahmana@gmail.com,62811867120,2018-01-09,active
824,Rudi Kusuma,rudi-kusuma@gmail.com,08571091090,27/02/2020,inactive
825,Yunus Suharto,yunussuharto852@gmail.com,088142817934,2018-05-12,active
826,Irwan Iskandar,irwan-iskandar301@gmail.com,085753372201,29-08-18,active
828,vino setiadi,vino.setiadi@gmail.com,08562776572,01-09-21,aktive
829,Oky Firmansyah,oky.firmansyah@gmail.com,+628135202389,2023-07-22,active
830,indah manurung,opikperangin@gmail.com,6285855017833,2019-08-29,banned
832,Agus Simbolon,agus_simbolon@gmail.com,628534403946,22/12/2020,inactive
834,Tari Tarigan,taritarigan@gmail.com,62858830615,2020-10-02,active
836,gilang angin,gilangangin@gmail.com,0856175188,21-03-23,active
837,Wulan Firmansyah,wulan-firmansyah@gmail.com,0877840911,27/10/2019,active
838,Irwan Sinaga,irwan_sinaga947@gmail.com,+628771863239,04-06-23,Banned
839,Agus Rizky,agus_rizky571@gmail.com,+62859007309,26/12/2021,banned
841,Gilang Fauzi,gilangfauzi806@gmail.com,+628874010424,04/04/2022,active
842,Dinda Budiman,dinda-budiman77@gmail.com,628570045212,21-11-23,banned
843,Doni PanJAitan,doni-panjaitan929@gmail.com,+628126154021,22-01-19,active
844,maya simbolon,maya_simbolon@gmail.com,088931522910,11/04/2023,Aktif
846,XENA LUBIS,xena_lubis933@gmail.com,082164970169,23-02-20,active
847,Fajar Sembiring,fajarsembiring@gmail.com,62812301623,06/02/2021,inactive
848,Budi Setiadi,budisetiadi@gmail.com,0881215566,27-10-23,active
849,Rahmad Firmansyah,rahmad.firmansyah399@gmail.com,628537460406,14/03/2023,active
850,Rina Rizky,rina_rizky114@gmail.com,+62856607819,2023-02-05,active
851,Maman Batubara,maman_batubara987@gmail.com,0882720376,15-06-20,inactive
852,Hadi Wibowo,hadi-wibowo@gmail.com,628856019134,29/10/2020,ACTIVE
856,ErfaN RIZKy,erfan-rizky659@gmail.com,0858911498,14/09/2020,inactive
857,Winda Tarigan,windatarigan949@gmail.com,+62858189394,2018-01-01,banned
861,Hesti Kurniawan,hesti-kurniawan908@gmail.com,6288793762974,2021-07-17,banned
862,Tari Fauzi,tari.fauzi416@gmail.com,62881912038,09-04-19,inactive
864,Dinda Sinaga,dinda-sinaga@gmail.com,08783231829,17/12/2022,inactive
865,Fira Pratama,fira.pratama698@gmail.com,0812000152,27/07/2024,active
867,Mira Firmansyah,mira_firmansyah@gmail.com,085790567086,30/03/2023,active
869,Nurul Soekarno,nurul-soekarno@gmail.com,+6285160807063,2020-09-11,banned
870,Opik Ginting,opikginting@gmail.com,08120164818,08-12-23,active
873,Maya Siregar,maya_siregar@gmail.com,+62877554026,27-07-20,banned
877,Sari Nainggolan,sari-nainggolan@gmail.com,0813987561,07-03-23,inactive
878,Gilang Fauzi,gilangfauzi@gmail.com,081115618298,23/02/2018,banned
882,EKO RIZKY,ekorizky@gmail.com,0885566910,02/05/2022,banned
885,Nanda Simbolon,nanda.simbolon@gmail.com,085910157090,2023-09-10,inactive
887,Gilang Setiadi,gilang_setiadi92@gmail.com,6285969325914,29-03-18,active
888,Ilham Perangin,ilham.perangin@gmail.com,08532669806,23-12-24,active
889,Hesti Simbolon,hesti_simbolon783@gmail.com,62881348389,2020-06-21,banned
890,Nando Panjaitan,nando.panjaitan@gmail.com,08591299650,28/02/2024,inactive
891,Linda Permana,linda_permana677@gmail.com,6287765613087,11/10/2022,banned
892,Hadi Sudirman,hadi-sudirman@gmail.com,08568239484,16/06/2018,active
894,Opik Nasution,opiknasution@gmail.com,6281241491507,29/07/2022,banned
895,Chandra Saputra,chandra_saputra@gmail.com,62859440777,2024-09-18,inactive
897,Nando Setiawan,nando_setiawan960@gmail.com,0852731255,03/12/2019,active
898,Laila Suharto,laila_suharto@gmail.com,62821920613,25/09/2022,inactive
899,Arif Kusuma,arif-kusuma@gmail.com,0881844490,22-11-19,active
901,Hadi Hasibuan,hadi.hasibuan@gmail.com,085117982134,2023-10-29,active
902,Jasmine Tarigan,jasmine_tarigan240@gmail.com,62853828560,18/10/2021,inactive
904,Hadi Pratama,hadi.pratama645@gmail.com,62851650587,06-03-19,active
905,Laila Sembiring,laila.sembiring@gmail.com,628779089843,28-10-22,banned
906,Fira Mulyadi,fira.mulyadi@gmail.com,085386948424,2024-10-16,actve
908,Wulan Saputra,wulan.saputra27@gmail.com,+6281317798768,07-09-19,inactive
911,Oscar Purnomo,oscar_purnomo@gmail.com,62857328946,29/06/2020,inactive
912,Jasmine Suharto,jasminesuharto701@gmail.com,6285872562926,10/08/2024,banned
914,Opik Harahap,opik-harahap845@gmail.com,08529189117,2024-09-19,active
915,Hendra Saputra,hendra.saputra@gmail.com,+628524154715,04/09/2021,active
917,Maya Mulyadi,mayamulyadi795@gmail.com,+6287781987809,2019-06-24,active
918,PANJI PANJAITAN,panji-panjaitan@gmail.com,+628876059867,2024-01-17,active
920,Opik Wibowo,opik_wibowo@gmail.com,0812245393,25/10/2018,active
921,Eko Soekarno,eko.soekarno6@gmail.com,+6281236821444,31-10-23,banned
923,Wati Panjaitan,watipanjaitan@gmail.com,62887231239,10-08-19,active
924,ZaHRA PEraNGin,zahra_perangin@gmail.com,+628814584726,26-09-19,active
926,Tari Saputra,tari.saputra@gmail.com,+62851299936,03/12/2019,Aktif
927,Oky Soekarno,okysoekarno656@gmail.com,62887325539,22/01/2024,active
928,Hesti Siregar,hesti_siregar755@gmail.com,08773095449,03-08-23,Active
930,Eko Handoko,eko-handoko@gmail.com,081112560832,04/06/2018,active
931,Gilang Nainggolan,gilang_nainggolan532@gmail.com,6285258523860,15/06/2018,active
932,Winda Siregar,windasiregar835@gmail.com,+628132391029,17-11-19,banned
933,edy firmansyah,edy_firmansyah@gmail.com,62852967139,10/08/2023,banned
934,Eko Hidayat,eko.hidayat@gmail.com,08817201911,2019-04-07,inactive
938,Budi Soekarno,budi-soekarno132@gmail.com,08531243658,30-08-21,active
941,Vera Soebagyo,verasoebagyo228@gmail.com,0812095679,2023-01-24,inactive
942,zahra perangin,zahra-perangin381@gmail.com,08537124760,29/03/2019,inactive
944,Bela Susanto,belasusanto@gmail.com,08125847436,18/12/2019,aktive
947,andi susanto,andi_susanto@gmail.com,+62889110797,30/03/2023,active
951,Bela Firmansyah,belafirmansyah626@gmail.com,0856620370,2023-10-13,inactive
952,WATi SuhArto,wati.suharto379@gmail.com,08130889480,17-10-18,inactive
954,Ani Manurung,animanurung@gmail.com,+62889496112,2023-09-24,banned
956,KeviN SitoRus,kevin_sitorus595@gmail.com,+6281264966834,2024-11-10,active
959,Dian Batubara,dianbatubara@gmail.com,+62813193592,17-04-20,inactive
960,Maya Gunawan,mayagunawan@gmail.com,08568816502,2022-01-15,ACTIVE
962,Chandra Kusuma,chandrakusuma@gmail.com,+62887141746,19/10/2023,acitve
963,Maman Pramono,maman_pramono642@gmail.com,6287889396987,30-06-21,active
964,Ilham Siregar,ilham-siregar349@gmail.com,62812192920,2023-05-11,active
966,Fajar Suharto,fajar-suharto@gmail.com,+62811099424,13-12-23,active
969,Laila Sirait,laila.sirait789@gmail.com,62857165995,26/07/2020,active
974,ZAHRA KUSUMA,zahra.kusuma516@gmail.com,+62856064454,2023-03-29,actve
975,Hadi Soebagyo,hadisoebagyo@gmail.com,628818979177,19/06/2022,active
976,Xena Setiadi,xena_setiadi@gmail.com,628872175080,03-10-18,acitve
981,Winda Pramono,winda_pramono@gmail.com,6288764242383,2024-08-23,active
982,Chandra Hartono,chandra.hartono116@gmail.com,+6285132880983,19/11/2019,active
983,ANI KArtiNI,ani_kartini733@gmail.com,0887435614,10-09-18,active
985,Andi Hasibuan,andi.hasibuan4@gmail.com,+628897150066,2022-05-17,active
989,Linda Sitorus,lindasitorus584@gmail.com,0853012657,09-11-23,inactive
990,indah sirait,indahsirait780@gmail.com,08815851777,06-04-21,active
991,Lestari Nainggolan,lestarinainggolan@gmail.com,08892642229,2023-05-10,inactive
992,Linda Setiawan,linda-setiawan739@gmail.com,082154570568,02/06/2019,inactive
994,Vino Purnomo,vino-purnomo909@gmail.com,08138822473,05/01/2019,inactive
995,Yuni Sirait,yuni-sirait7@gmail.com,085901195092,15/03/2023,banned
996,Sri Harahap,sriharahap762@gmail.com,+6281223007169,09-07-21,active
998,MURTI LUBIS,murti_lubis@gmail.com,6281382734813,17/10/2018,active
999,Candra Susanto,candra_susanto@gmail.com,+62857574835,2019-09-13,inactive
