id,nama,email,no_hp,tanggal_daftar,status
1,Eko Wijaya,eko.wijaya@hotmail.com,0887960013,10-08-20,banned
2,Dewi Ginting,dewi_ginting226@yahoo.com,+62811654235,23/02/2019,active
3,Doni Lubis,donilubis748@yahoo.com,0877849593,12/10/2018,banned
4,Putri Sudirman,putri.sudirman@gmail.com,+6288152553419,02-12-19,Aktif
5,Rosi Nugroho,rosi.nugroho702@icloud.com,0853564139,12/07/2021,banned
6,Zulfa Tambunan,zulfa.tambunan@gmail.com,6288749696532,2023-09-19,active
7,HendRa SoebAgyo,hendra-soebagyo115@yahoo.com,0881482814,11-09-23,active
8,Nurul Panjaitan,nurulpanjaitan614@yahoo.com,08214303911,14/06/2023,inaktif
9,ERFAN SUDIRMAN,erfan.sudirman272@gmail.com,6285246578713,09/07/2020,active
10,Andi Karo,andikaro@gmail.com,08121834738,26-06-19,inactive
11,Jasmine Simbolon,jasmine_simbolon@gmail.com,628786670106,21/10/2021,active
12,Kurnia Saputra,kurnia.saputra286@gmail.com,088110801326,2023-06-13,active
13,Laila Rahayu,hendra-soebagyo115@yahoo.com,+628816872343,28-08-18,actve
14,Fira Rahayu,andikaro@gmail.com,+6288520812191,2020-08-21,active
15,Ilham Hartono,dewi_ginting226@yahoo.com,+6288985435346,21-06-19,banned
16,Yogi Hasibuan,yogihasibuan10@yahoo.com,62821838425,09/10/2018,active
17,Qori Nugroho,qori-nugroho@hotmail.com,6285712411824,28-02-21,active
18,Dinda Handoko,dinda_handoko@gmail.com,628780052427,09-03-24,inactive
19,HesTI SanToso,zulfa.tambunan@gmail.com,085315869232,2019-12-27,active
20,Joko Rizky,joko_rizky@gmail.com,08210733754,21/07/2020,active
21,Kurnia Tambunan,kurnia-tambunan360@hotmail.com,62858142940,21-03-19,inactive
22,Edy Fauzi,edyfauzi@gmail.com,0878883561,14-09-21,active
23,Fitri Fauzi,fitri_fauzi335@hotmail.com,+62887366299,2021-05-17,inactive
24,Budi Siregar,budi-siregar477@yahoo.com,6285272148951,20-08-20,active
25,Maman Soekarno,nurulpanjaitan614@yahoo.com,+628136936763,28-08-19,banned
26,Budi Permana,budi_permana@hotmail.com,62881831727,16-12-23,banned
27,Arif Permana,arif_permana851@gmail.com,628824348734,07/12/2022,Active
28,Qori Hartono,qorihartono@gmail.com,+6282231665876,13/09/2018,inactive
29,Jihan Sudirman,jihan_sudirman@gmail.com,+628778893734,2022-11-21,active
30,Jihan Nasution,jihan.nasution861@gmail.com,62887699016,2019-07-10,active
31,Hendra Wahyudi,hendra-wahyudi346@gmail.com,+62856708053,09-10-18,active
32,Dewi Hartono,rosi.nugroho702@icloud.com,08221937452,17-10-24,Banned
33,Eko Sudirman,ekosudirman@gmail.com,628773193149,11-05-19,acitve
34,Ani Lubis,anilubis519@gmail.com,+62882657262,08-11-23,active
35,Opik Soekarno,opik_soekarno447@gmail.com,08137379965,2018-04-28,active
36,Indah Nainggolan,indah-nainggolan287@yahoo.com,0885136783,05-05-23,Active
37,Yunus Batubara,yunus.batubara@gmail.com,628897885685,12-12-21,inactive
38,Panji Siregar,panji.siregar@rocketmail.com,62851374989,05/03/2021,active
39,Xena Gunawan,xena.gunawan@gmail.com,6285727109477,2022-12-10,active
40,Hendra Wahyudi,hendrawahyudi411@gmail.com,62812294131,2024-04-04,banned
41,Mira Soeharto,mira_soeharto462@gmail.com,628789909133,19-12-20,active
42,Irwan Hartono,irwanhartono419@hotmail.com,628820344713,19-12-20,banned
43,SARI SItorus,sari-sitorus717@gmail.com,628877190659,22/10/2020,active
44,Putri Kurniawan,putrikurniawan784@yahoo.com,08518742967,2019-01-09,active
45,Murti Nasution,murti.nasution338@hotmail.com,+6285768071545,2019-04-20,inactive
46,Budi Firmansyah,budifirmansyah193@yahoo.com,+62881348247,09/06/2023,active
47,Nando Soekarno,nandosoekarno566@gmail.com,08211274846,2023-05-31,active
48,TONO GINTING,tono.ginting@gmail.com,+6285840449972,04-01-23,inactive
49,Edy Nasution,edy_nasution956@gmail.com,6285363605766,2019-09-16,active
50,Fajar Purba,fajarpurba896@gmail.com,62881262174,18-10-21,banned
51,Karim SetiaDi,karim.setiadi@yahoo.com,08212400504,2022-01-08,inactive
52,Hadi Hartono,hadi.hartono@gmail.com,6287737923747,11-11-20,active
53,Ulfa Mulyadi,ulfa_mulyadi968@yahoo.com,+6287847436713,12-04-22,active
54,Jasmine Mulyadi,jasmine_mulyadi@yahoo.com,6281274395339,23-10-20,ACTIVE
55,LeStArI AngIn,lestari-angin544@gmail.com,+628825171236,2024-04-01,active
56,Karim Santoso,karim-santoso689@yahoo.com,+62859370985,03/11/2024,banned
57,Agus Angin,agus-angin665@gmail.com,0812471138,2019-07-10,inactive
58,Hana Firmansyah,hana_firmansyah@gmail.com,628219640537,27/12/2022,active
59,Doni Kurniawan,doni-kurniawan63@gmail.com,08211390053,31-05-19,active
60,Agus Pramono,agus.pramono@gmail.com,08112284210,24/06/2019,active
61,Nanda Karo,nandakaro130@yahoo.com,08137589178,26-06-20,active
62,Chandra Siregar,chandrasiregar491@gmail.com,628217115921,2019-06-01,banned
63,Kevin Ginting,kevin-ginting465@gmail.com,6282183673657,2022-06-22,Aktif
64,Doni Harahap,doni-harahap@hotmail.com,+62813116152,28/03/2024,banned
65,Hesti Ginting,hesti-ginting895@hotmail.com,085745198327,07/07/2020,active
66,HESti PanjaitAN,hesti-panjaitan@gmail.com,088961201836,2022-09-16,active
67,Irwan Panjaitan,irwanpanjaitan@gmail.com,081214767976,23/01/2021,ACTIVE
68,Bela Wibowo,bela_wibowo540@gmail.com,087700343244,05/09/2021,active
69,Zulfa Rizky,zulfa.rizky513@gmail.com,+628120715969,15-07-22,banned
70,NIsa MulYaDi,nisa_mulyadi892@rocketmail.com,+628532181883,2021-12-02,Aktif
71,HADI HArtono,hadi-hartono885@gmail.com,+628137449058,2018-10-31,inactive
72,selvi susanto,selvisusanto@yahoo.com,628857980793,09-08-21,inactive
73,Adit Hidayat,adit-hidayat@yahoo.com,62851377889,2019-10-13,active
74,Qori Sirait,qorisirait809@gmail.com,+6282164492519,2019-08-03,active
75,Karim Kusuma,karim-kusuma573@hotmail.com,+6282281685054,09/01/2020,active
76,Yunus Saputra,yunussaputra@yahoo.com,62885592962,27/10/2019,banned
77,Pipit Soekarno,pipitsoekarno421@hotmail.com,628539473834,06/04/2023,active
78,Jasmine Batubara,jasmine_batubara515@gmail.com,08220758181,13/03/2021,inaktif
79,Irwan Suryadi,irwan_suryadi@yahoo.com,+628110685361,16/03/2022,active
80,Arif Suharto,arif.suharto@gmail.com,+6282277901043,05-09-19,Aktif
81,Nando Sinaga,nando.sinaga@gmail.com,087897117980,12-10-23,active
82,Hadi Mulyadi,hadi.mulyadi585@gmail.com,6281351888880,2022-05-19,active
83,Jihan Panjaitan,erfan.sudirman272@gmail.com,+6285319520585,19-12-19,inactive
84,Wulan Angin,wulan_angin38@gmail.com,0852548687,03/11/2020,ACTIVE
85,Kurnia Mulyadi,kurnia-mulyadi@gmail.com,+6287776527758,28/12/2020,Aktif
86,Oky Pratama,oky.pratama559@gmail.com,08134479627,2021-12-10,active
87,Fani Perangin,faniperangin77@gmail.com,62851297021,24-08-20,active
88,Galih Sirait,budi-siregar477@yahoo.com,628815719285,2022-06-19,banned
89,Winda Hartono,jihan_sudirman@gmail.com,+628858144739,15-03-21,inactive
90,SARI WIBOWO,sari.wibowo921@gmail.com,6285851884422,20-01-22,active
91,Fitri Saputra,fitri_saputra27@yahoo.com,628598291146,15-05-23,inactive
92,Murti Kartini,murti-kartini@yahoo.com,+628852892268,15/08/2018,inactive
93,Nurul Siregar,nurul.siregar355@gmail.com,+6285284249818,22-11-19,inactive
94,Nurul Nugroho,nurul-nugroho@gmail.com,081294396907,2024-02-13,banned
95,Yogi Simbolon,yogi_simbolon305@gmail.com,62812767735,20/10/2024,active
96,Arif Fauzi,arif_fauzi134@yahoo.com,628213714732,01/02/2019,active
97,Jihan Soebagyo,jihan.soebagyo834@yahoo.com,62858278774,31/07/2023,active
98,Karim Purba,karim-purba@gmail.com,+628828016245,2022-07-10,active
99,Laila Rahayu,laila-rahayu76@yahoo.com,+628879912165,20-10-21,active
100,Hadi Saputra,hadisaputra@gmail.com,628588729825,2024-11-16,active
101,Karim Perangin,karim-perangin520@hotmail.com,628570551694,20-04-18,inactive
102,Vera Setiadi,vera.setiadi@yahoo.com,+6285196230913,2018-03-19,active
103,Nisa Hidayat,nisa_hidayat@hotmail.com,0885857865,2019-12-11,inactive
104,Dinda Tarigan,dinda-tarigan625@gmail.com,085643443757,29-11-21,baned
105,WINDA MULYADI,winda_mulyadi918@gmail.com,0857415747,26/05/2020,inactive
106,Panji Ginting,panji.ginting@hotmail.com,6285330165712,22-01-18,active
107,Murti Setiadi,murti_setiadi@outlook.com,+628580193802,08/09/2022,active
108,Karim Soeharto,karim-soeharto@gmail.com,+6288915478872,2023-08-28,active
109,KUrNIa SoeKarno,kurniasoekarno@yahoo.com,+62853463745,21-05-21,INACTIVE
110,Jasmine Santoso,jasmine.santoso@yahoo.com,+628518414593,16/06/2020,inactive
111,Nurul Hasibuan,nurul_hasibuan719@outlook.com,62852918785,16-11-18,active
112,Rina Pramono,rina.pramono169@yahoo.com,+6282139718707,25-06-19,inactive
113,tono sembiring,tono-sembiring@gmail.com,+6281139106518,04/09/2018,inactive
114,Rudi Mulyadi,rudi_mulyadi384@yahoo.com,+62877825128,29-05-22,active
115,maman pramono,murti.nasution338@hotmail.com,+628878633752,03/02/2021,INACTIVE
116,Eko Susanto,ekosusanto@gmail.com,08129030673,20/01/2024,ACTIVE
117,Rina Kusuma,rina-kusuma592@gmail.com,+6282283644089,19-12-19,banned
118,Oky Ginting,oky_ginting805@hotmail.com,+62878462873,2020-07-12,aktive
119,Hadi Soekarno,doni-kurniawan63@gmail.com,+6288726343517,28/02/2022,inactive
120,Kurnia Rahayu,kurniarahayu@gmail.com,62887735403,18-02-20,active
121,Wulan Hartono,wulan_hartono@yahoo.com,+628577854458,2023-07-30,active
122,Vino Permana,vino-permana321@gmail.com,6285320489964,17/09/2019,active
123,Putri Sirait,putri-sirait264@hotmail.com,628822522872,30-01-24,active
124,Dian Susanto,diansusanto@gmail.com,0853203875,05-09-18,banned
125,Opik Simbolon,karim-kusuma573@hotmail.com,62878084840,20-08-23,banned
126,Prita Soekarno,pritasoekarno@gmail.com,08855461567,03/05/2024,banned
127,Maman Siregar,mamansiregar96@gmail.com,+628870021765,06/05/2024,inactive
128,Ani Gunawan,ani_gunawan@gmail.com,6285690250392,20/06/2022,active
129,Irwan Sembiring,irwan_sembiring694@gmail.com,6282218501631,27-10-21,BANNED
130,Opik Brahmana,opikbrahmana650@yahoo.com,+628538662961,2024-12-08,activee
131,ROsi RamAdhaN,rosi_ramadhan460@gmail.com,08138199560,2021-04-10,active
132,Bambang Fauzi,bambang.fauzi@hotmail.com,+62851444721,2019-11-16,active
133,Nisa Siregar,nisa-siregar@hotmail.com,6288293712406,22-09-21,active
134,Candra Batubara,candra.batubara308@yahoo.com,628525265479,2020-09-19,active
135,Winda Kartini,winda.kartini@hotmail.com,6281173741672,25/05/2021,active
136,Nurul Ramadhan,nurul_ramadhan613@yahoo.com,+6288768058911,13-10-20,banned
137,Fani Nugroho,murti-kartini@yahoo.com,628776101438,26-10-23,inactive
138,Jasmine Gunawan,jasmine.gunawan@yahoo.com,08571125457,27-04-20,inactive
139,Edy SImBoLon,edy.simbolon@gmail.com,628783622660,20/11/2024,inactive
140,Linda Sitorus,linda.sitorus@yahoo.com,0887553714,28-06-23,banned
141,Arif Brahmana,arifbrahmana357@yahoo.com,6285149912513,04/06/2021,active
142,HANA ISKANDAR,hana.iskandar589@gmail.com,088282827422,2021-07-12,banned
143,Hendra Soebagyo,mira_soeharto462@gmail.com,087787676772,05-12-18,active
144,maman mulyadi,maman-mulyadi173@yahoo.com,6288281914858,20-06-18,inactive
145,Fira Handoko,fira.handoko@yahoo.com,+62859713395,04-11-24,inactive
146,WATI PERANGIN,wati.perangin@yahoo.com,+628879825449,31-12-20,banned
147,Doni Kusuma,donikusuma@hotmail.com,0853536729,05-01-21,inactive
148,Imam Batubara,imam_batubara651@gmail.com,62877637454,15-10-21,inactive
149,Fajar Sembiring,fajarsembiring@hotmail.com,+62811277063,25-06-19,active
150,Irwan Soebagyo,irwan-soebagyo@gmail.com,62851643611,05/01/2018,inactive
151,Yuni Kusuma,yuni_kusuma@hotmail.com,+628212713611,2019-02-27,active
152,Yogi Kusuma,yogi.kusuma@gmail.com,62889927532,14-08-22,banned
153,Rahmad Soebagyo,rahmad.soebagyo@yahoo.com,628776523413,16-03-24,banned
154,Nando Mulyadi,nando-mulyadi@rocketmail.com,+6285703761379,18-10-18,active
155,GALIH HARAHAP,galih_harahap@ymail.com,+62813910430,2018-09-05,inactive
156,Qori Angin,qori_angin719@gmail.com,6288792414183,29-09-19,active
157,Karim Karo,karimkaro318@hotmail.com,0812161799,2018-08-14,banned
158,joko wibowo,jokowibowo168@gmail.com,6288542524105,2022-10-25,inactive
159,Agus Wahyudi,aguswahyudi509@yahoo.com,+628129252419,18/04/2019,actve
160,bela santoso,bela.santoso48@gmail.com,+62822086353,01-09-22,active
161,PanjI KarTiNi,panji_kartini9@gmail.com,+628899375973,17/02/2024,active
162,budi manurung,budimanurung974@gmail.com,6287741383670,07-08-19,active
163,Sri Susanto,sri_susanto718@yahoo.com,6281318261990,17-11-22,active
164,Nanda Mulyadi,nanda_mulyadi718@gmail.com,+62856132912,09/03/2019,inactive
165,Ulfa Harahap,ulfa.harahap463@yahoo.com,+62821249035,31/08/2019,Active
166,Rosi Lubis,wulan_angin38@gmail.com,+62851678831,08/03/2023,activee
167,lestari wibowo,lestari.wibowo@gmail.com,+6281394101372,2019-01-12,active
168,ani hasibuan,ani_hasibuan842@yahoo.com,087762532447,01/09/2019,banned
169,Pipit Perangin,pipit_perangin904@gmail.com,08562638380,16-04-22,active
170,Wulan Tarigan,wulan-tarigan398@gmail.com,085830407859,11/08/2020,active
171,Rosi Firmansyah,rosifirmansyah@yahoo.com,+62859239559,26-04-18,banned
172,Fani Sembiring,fani.sembiring857@yahoo.com,+628510103930,2023-11-27,active
173,Candra Perangin,candra.perangin941@gmail.com,082221851569,2019-02-18,active
174,Bella Kusuma,bella_kusuma811@hotmail.com,+6285189539264,21/04/2021,active
175,Budi Iskandar,budiiskandar187@yahoo.com,0889725135,01/08/2021,banned
176,Sri Kartini,sri-kartini@gmail.com,085315410067,15/09/2022,inactive
177,Zulfa Sirait,zulfa_sirait@gmail.com,+62813405411,01/11/2021,active
178,Irwan Fauzi,irwanfauzi104@gmail.com,087888444310,29-05-22,inactive
179,yunus hidayat,qorihartono@gmail.com,+62882103241,24/04/2023,active
180,Karim Simbolon,karimsimbolon658@gmail.com,+628772704774,2020-07-15,inactive
181,Rina Hidayat,rinahidayat685@yahoo.com,+62889806868,29-04-23,active
182,Vino SireGaR,vino.siregar@gmail.com,0878632945,02/10/2018,active
183,Hesti Tambunan,hesti_tambunan@hotmail.com,6288961622999,15/02/2019,inactive
184,Doni Soeharto,doni-soeharto899@gmail.com,+6288297024629,29-10-24,banned
185,Laila Susanto,laila.susanto51@gmail.com,+628114447132,15-05-21,inactive
186,Bella Suryadi,bellasuryadi193@gmail.com,+6288250821486,10-07-19,inactive
187,Dewi Purnomo,dewipurnomo@yahoo.com,085934578610,2020-09-17,inactive
188,Mira Batubara,mira-batubara@gmail.com,628130602933,11-07-20,active
189,Panji Setiadi,donilubis748@yahoo.com,+6282229034944,2022-10-02,active
190,Tono Wahyudi,tono_wahyudi@gmail.com,6285999441715,06-02-21,active
191,Winda Wahyudi,winda-wahyudi@yahoo.com,081265207446,2022-07-16,actve
192,Rudi Karo,rudi.karo@hotmail.com,6288258428241,13/04/2023,actve
193,Vera Fauzi,vera.fauzi970@hotmail.com,08533465549,2021-04-19,active
194,Vino Rahayu,vinorahayu@yahoo.com,087746022356,2024-05-21,active
195,Arif Soebagyo,arif_soebagyo@gmail.com,62812743292,29/06/2023,active
196,Opik Sitorus,opik_sitorus@gmail.com,6285250583003,15-07-20,active
197,ZahRA Kusuma,zahra_kusuma@gmail.com,+62811323098,24/11/2019,active
198,Rudi Sirait,rudisirait@hotmail.com,0811167618,2020-11-01,banned
199,Nurul Handoko,nurul-handoko@hotmail.com,6285692618914,12/04/2019,inactive
200,Sari Brahmana,sari.brahmana367@gmail.com,081273753001,29-03-19,banned
201,Zulfa Hidayat,zulfahidayat@gmail.com,628534470120,2021-04-05,activee
202,Arif Sitorus,arifsitorus@hotmail.com,628515794155,20/01/2020,inactive
203,Laila Hasibuan,laila_hasibuan820@hotmail.com,0821021697,19-05-24,inactive
204,Indah Perangin,indahperangin@yahoo.com,+628217014508,19-06-24,inactive
205,Maman Firmansyah,mamanfirmansyah@yahoo.com,+62877890028,2023-04-07,active
206,Yuni Permana,yuni-permana@yahoo.com,628773177971,2023-08-04,active
207,Fitri Nainggolan,tono-sembiring@gmail.com,+6281280199488,27-04-20,banned
208,Tono Nasution,doni-harahap@hotmail.com,+6285899757113,2018-01-09,active
209,Xena Ginting,xenaginting@yahoo.com,0878493316,2020-06-02,acitve
210,Kurnia Ramadhan,kurniaramadhan@icloud.com,+6288198270808,08-11-22,inactive
211,Bela Sudirman,bela.sudirman@gmail.com,+6285866934654,29/01/2023,active
212,Murti Brahmana,murti-brahmana864@hotmail.com,6288733394522,26-08-23,banned
213,Bella RamAdhaN,bellaramadhan205@outlook.com,085742043805,28/01/2023,banned
214,Hesti Soebagyo,hesti_soebagyo244@hotmail.com,628126658004,11-04-20,Inactive
215,Rahmad Pramono,rahmad-pramono@live.com,628527212281,26/03/2022,inactive
216,Winda Ginting,winda-ginting6@yahoo.com,62822259094,03-07-23,inactive
217,Fani Setiawan,fani.setiawan@yahoo.com,0885688615,25/06/2020,banned
218,Candra Nasution,candra_nasution@gmail.com,628593993056,2019-04-10,active
219,Fira Fauzi,fira-fauzi527@yahoo.com,085735811288,31-01-18,active
220,Lukman Firmansyah,lukman_firmansyah@gmail.com,6287812075011,11/08/2018,baned
221,Oscar GinTInG,oscarginting@gmail.com,628214914766,2018-05-07,active
222,ERFAN GUNAWAN,erfan-gunawan@gmail.com,62859882100,03-06-24,inactive
223,Erfan Ginting,erfan-ginting217@hotmail.com,62822239431,13-01-20,activee
224,ilham budiman,ilham_budiman@gmail.com,628131397552,18/08/2020,active
225,Pipit Setiawan,pipit_setiawan337@hotmail.com,6282295562053,26-06-20,actve
226,Prita Suryadi,prita-suryadi899@yahoo.com,+628597812914,28-07-19,active
227,Vera Fauzi,verafauzi@yahoo.com,6281196930848,2024-01-20,banned
228,Nurul Panjaitan,nurul-panjaitan138@yahoo.com,628135803928,2019-07-29,active
229,Joko Sembiring,joko.sembiring754@gmail.com,08533145303,2023-10-23,active
230,Vino Hasibuan,hesti_tambunan@hotmail.com,+6282184498926,2022-03-31,banned
231,Yuni Sinaga,yuni.sinaga529@gmail.com,+628829082723,12-11-18,banned
232,Winda Handoko,windahandoko@gmail.com,+628217739260,25/09/2020,active
233,Jasmine Karo,jasminekaro@gmail.com,0856869904,18/12/2018,inactive
234,Nando Simbolon,nando_simbolon@yahoo.com,08852579913,2022-03-30,active
235,Maya Wijaya,maya_wijaya@yahoo.com,08519908811,30-05-23,active
236,Nando Tarigan,nando_tarigan535@gmail.com,08853765991,09/10/2022,active
237,Wulan Sudirman,wulan-sudirman613@gmail.com,081109818063,2021-07-17,active
238,Maya Hidayat,maya-hidayat876@yahoo.com,+6285663688725,09-04-24,inactive
239,Oscar Siregar,oscar_siregar@hotmail.com,08532138658,20-11-24,banned
240,Hendra Nugroho,hendranugroho@yahoo.com,62878143519,04-06-18,active
241,Laila Perangin,lailaperangin@hotmail.com,+62881384309,23-09-23,banned
242,Putri Perangin,bela_wibowo540@gmail.com,62811146566,28/07/2024,inactive
243,Siti Rizky,siti-rizky744@gmail.com,+6285337690426,05/09/2023,inactive
244,Yuni Purba,yuni-purba898@hotmail.com,+6287773577907,2019-04-22,active
245,Imam Angin,imam.angin820@gmail.com,+6288504341651,21/03/2024,inactive
246,Arif Lubis,arif.lubis@yahoo.com,62852343333,2024-12-08,active
247,Maya Wibowo,maya_wibowo@ymail.com,628125957947,20-01-20,active
248,Karim Gunawan,karim_gunawan@yahoo.com,+6287727187500,2020-05-13,inactive
249,Doni Harahap,doni.harahap562@gmail.com,+6288255276365,2022-02-04,active
250,Selvi Purnomo,selvi.purnomo@hotmail.com,+6285366322702,2022-09-23,active
251,Chandra Tarigan,chandra-tarigan@gmail.com,0851347175,2020-11-30,active
252,Hesti Ginting,hestiginting@gmail.com,6285298245587,05/01/2023,active
253,Opik Mulyadi,opik.mulyadi656@gmail.com,628891125355,08-04-21,active
254,Nando Setiadi,nando-setiadi766@gmail.com,0851234132,15/06/2022,active
255,Agus Simbolon,nurul_hasibuan719@outlook.com,62813492164,28/07/2020,actve
256,Qori Batubara,qori.batubara@hotmail.com,+628587848728,27-12-19,banned
257,Tono Angin,tono_angin537@gmail.com,+62887174564,2019-09-30,active
258,Budi Sinaga,budi-sinaga294@yahoo.com,08824064930,2024-02-24,active
259,Murti Ginting,murti_ginting849@gmail.com,+628133894484,19/08/2022,active
260,Indah Kusuma,indah_kusuma279@gmail.com,+62811080214,07/01/2021,Active
261,rahmad fauzi,rahmadfauzi@gmail.com,+628575705120,2020-12-27,active
262,Fira Simbolon,fira-simbolon837@gmail.com,08537303718,2020-05-03,active
263,Zahra Harahap,zahraharahap260@hotmail.com,+628520313650,2019-11-17,inactive
264,Fitri Tambunan,jasmine_simbolon@gmail.com,6288292513271,2024-12-08,inaktif
265,Rina Rahayu,rinarahayu129@gmail.com,+6288757306524,2018-06-11,aktive
266,Rahmad Ginting,rahmad.ginting@yahoo.com,+6285874982182,2023-01-15,active
267,Fira Panjaitan,fira_panjaitan@gmail.com,6285935186387,08/03/2024,banned
268,Qori Harahap,qoriharahap@gmail.com,0851317310,27-05-24,active
269,Yunus Sinaga,yunussinaga@yahoo.com,62813371705,04-04-24,inactive
270,Hana Soeharto,hana-soeharto@hotmail.com,0857381138,28/04/2022,active
271,Dian Firmansyah,dian.firmansyah572@rocketmail.com,08897612286,2023-08-30,banned
272,Irwan Tarigan,irwan-tarigan925@yahoo.com,+628596593983,17-03-22,Banned
273,Oscar Panjaitan,oscar_panjaitan@gmail.com,6281124043350,04-02-21,inactive
274,Hesti Sembiring,hestisembiring472@gmail.com,08569334419,26-06-22,active
275,Yuni Fauzi,yuni_fauzi@yahoo.com,62857961055,2022-11-14,active
276,Putri Rizky,putririzky650@gmail.com,+62885589258,23/06/2020,active
277,Karim Batubara,karimbatubara228@gmail.com,+62822517908,2022-06-24,active
278,Laila Purba,laila.purba@yahoo.com,+62889898331,2020-12-26,active
279,JasMine Pratama,jasmine-pratama@gmail.com,62812924051,2021-06-03,inactive
280,Andi Nasution,andi.nasution560@yahoo.com,+6282206980420,09/03/2021,baned
281,pipit suryadi,pipitsuryadi69@hotmail.com,+62859046368,2019-02-12,inactive
282,MIra TArigaN,mira-tarigan641@gmail.com,62856460843,2019-09-14,inactive
283,Lestari Pratama,lestari.pratama@yahoo.com,08789578232,07-07-24,banned
284,SARI SOEBAGYO,sari.soebagyo@hotmail.com,628511881252,2018-05-01,inactive
285,Murti Siregar,murti-siregar@gmail.com,0851994999,03-08-20,active
286,putri kurniawan,putri_kurniawan138@hotmail.com,62859677223,15/07/2020,inactive
287,Siti Suryadi,siti.suryadi@gmail.com,088175736609,08-04-22,active
288,Karim Perangin,karimperangin@yahoo.com,+62812886086,16-10-23,active
289,Kurnia Mulyadi,kurnia-mulyadi@gmail.com,+6281282771812,25-07-24,inactive
290,Lestari Tambunan,lestari.tambunan@yahoo.com,08562111751,16-11-23,active
291,Bela Perangin,bela_perangin@gmail.com,62822220644,2023-01-02,banned
292,Indah Wibowo,indahwibowo638@gmail.com,+628828097339,2023-05-03,inactive
293,Rahmad Pratama,karimkaro318@hotmail.com,62887022050,19/08/2019,banned
294,Jasmine Pramono,jasminepramono@gmail.com,085149998279,15/01/2022,active
295,Yogi Harahap,yogiharahap777@yahoo.com,08572145868,09-05-20,active
296,Opik RahaYu,opik-rahayu@yahoo.com,6288277293430,30/04/2019,inactive
297,Fitri Rizky,fitri_rizky@gmail.com,+6288730344144,07-09-23,active
298,Budi Wibowo,budiwibowo@gmail.com,+6285877027278,2021-10-04,acitve
299,murti rizky,murti-rizky@gmail.com,628581240568,11-11-19,banned
300,Jihan Purnomo,jihan-purnomo723@hotmail.com,08561735743,2023-11-21,active
301,Eko Panjaitan,ekopanjaitan@yahoo.com,62822578452,07-02-19,banned
302,Fajar Handoko,fajarhandoko5@gmail.com,628137018409,02-07-21,active
303,Bella Saputra,bella-saputra792@hotmail.com,0856241098,07/10/2023,active
304,Fira Lubis,fira-lubis@gmail.com,085758702070,2019-03-10,active
305,Sri Sitorus,sri_sitorus632@gmail.com,+6285281792171,2023-02-10,banned
306,Ulfa Simbolon,ulfa-simbolon935@gmail.com,08587701715,2023-05-15,active
307,Qori Sudirman,qorisudirman@gmail.com,628138769639,25-09-20,active
308,wulan sirait,wulan_sirait804@yahoo.com,+6288732197199,2023-03-12,inactive
309,Doni Kartini,doni_kartini@hotmail.com,628777013290,24-08-19,active
310,Selvi Tarigan,selvi_tarigan@hotmail.com,+6285746519098,14/07/2022,active
311,Rina Panjaitan,rinapanjaitan721@gmail.com,+62811696566,2022-04-12,inactive
312,Tari Firmansyah,tari_firmansyah864@gmail.com,085722010276,11/07/2019,active
313,Nisa Soebagyo,nisa_soebagyo@yahoo.com,6287876532690,2024-06-25,Aktif
314,Nanda Ramadhan,nanda-ramadhan@yahoo.com,+62859971284,20-03-23,active
315,ChanDra PErangin,chandra-perangin@gmail.com,6285794079290,10-04-21,banned
316,Dewi Mulyadi,dewimulyadi872@gmail.com,08564019292,2023-01-04,inaactive
317,Joko Wahyudi,joko.wahyudi@gmail.com,082227663723,24-06-24,active
318,Hendra Setiadi,hendrasetiadi172@gmail.com,+628578366742,2023-12-13,active
319,Qori Soekarno,qorisoekarno100@yahoo.com,628564414967,17-09-20,banned
320,Linda Sudirman,linda.sudirman@hotmail.com,0813618175,17-06-20,active
321,oscar saputra,oscarsaputra@yahoo.com,6282111926921,2020-01-25,active
322,Ulfa Firmansyah,ulfa-firmansyah788@hotmail.com,628582140665,2018-09-04,active
323,joko batubara,joko.batubara625@gmail.com,62882286391,14-12-22,active
324,MaYa SUsanTo,mayasusanto528@yahoo.com,+6287718306719,2024-01-02,active
325,yogi tambunan,yogitambunan375@gmail.com,+6285732806346,14-03-19,banned
326,FanI NainGgolan,faninainggolan@gmail.com,628121387829,12/08/2020,active
327,Hadi Nainggolan,hadinainggolan@gmail.com,08121792911,2019-04-13,banned
328,opik gunawan,opik-gunawan831@gmail.com,088925309251,2019-05-10,active
329,Nisa Nugroho,nisa_nugroho@gmail.com,0877071002,01-01-19,banned
330,Linda Mulyadi,linda_mulyadi@gmail.com,085676329092,10-08-23,active
331,Yogi Lubis,yogi.lubis@yahoo.com,+6288737340312,2023-04-28,active
332,Irwan Firmansyah,indahperangin@yahoo.com,+628524597010,11/01/2024,active
333,Dewi Nainggolan,dewi.nainggolan739@yahoo.com,628583531531,29-08-20,inactive
334,Sari Sirait,sari_sirait56@gmail.com,0881652735,09/01/2021,active
335,Fajar Susanto,yunussaputra@yahoo.com,08816253492,09/11/2024,inactive
336,Gilang Budiman,gilang_budiman@yahoo.com,+628810633569,29-06-20,active
337,Jasmine Santoso,zahraharahap260@hotmail.com,62885686717,22/07/2023,active
338,hesti permana,hesti.permana136@gmail.com,0813742799,2018-04-10,inactive
339,Lestari Soebagyo,lestari-soebagyo642@hotmail.com,6281116580464,13-11-24,inactive
340,Lukman Soeharto,lukman-soeharto@yahoo.com,62859165790,2022-02-06,active
341,hesti ramadhan,hesti.ramadhan142@gmail.com,6282179335548,2022-09-29,active
342,Agus Panjaitan,aguspanjaitan482@yahoo.com,6285913711624,12/11/2018,active
343,Winda Wibowo,winda.wibowo@gmail.com,+62887756704,14/02/2020,active
344,Putri Pramono,putri_pramono593@hotmail.com,628589887749,2019-06-25,active
345,Vera Gunawan,veragunawan152@gmail.com,+6285128422223,24/04/2019,active
346,Jasmine Kusuma,jasmine.kusuma@hotmail.com,+62859578284,13/05/2019,inactive
347,ZULFA SUDIRMAN,zulfa-sudirman@hotmail.com,628854749297,19-10-21,active
348,WULAN SUSANTO,wulan-susanto26@yahoo.com,08811509398,2020-06-28,active
349,Andi Pratama,andipratama525@gmail.com,+6285898056265,2022-05-01,active
350,Qori Lubis,qorilubis221@hotmail.com,+628812662991,12/08/2019,active
351,Vino Soebagyo,vino_soebagyo@gmail.com,628562879232,2022-04-13,inactive
352,Yunus Susanto,yunus-susanto506@gmail.com,0811447146,2020-01-05,banned
353,ROsI Wijaya,rosiwijaya@gmail.com,0889257252,2018-08-05,active
354,Nisa Angin,nisa-angin@yahoo.com,0851928554,16-01-21,banned
355,Galih Suharto,galih.suharto@yahoo.com,+628596521328,24/06/2020,baned
356,Hesti Perangin,hestiperangin428@gmail.com,0822754527,13-09-24,inaktif
357,Dinda Purnomo,irwanpanjaitan@gmail.com,082223423216,03/04/2019,active
358,Wulan Permana,wulanpermana@yahoo.com,0856140119,21-04-20,active
359,Indah Firmansyah,indah-firmansyah972@gmail.com,088593891190,07/12/2023,Active
360,Kurnia Mulyadi,kurniamulyadi@gmail.com,628829271256,04/10/2022,inactive
361,PuTRI ManUrUNg,putri_manurung232@gmail.com,+62852752071,2022-06-12,inactive
362,BAMBANG WIBOWO,bambangwibowo@gmail.com,+628523961367,14-02-21,BANNED
363,Kevin Karo,kevin_karo365@hotmail.com,628778427114,2023-06-28,active
364,LEStari WiJAya,lestari.wijaya301@yahoo.com,6285658800616,2023-01-18,active
365,rahmad hasibuan,rahmad-hasibuan@yahoo.com,+628226719788,2024-06-01,inactive
366,Hesti Budiman,fajarsembiring@hotmail.com,+628899545009,04/07/2018,active
367,Edy Soekarno,wulan-susanto26@yahoo.com,+62877655650,27/09/2020,active
368,ZahRA KAro,zahra_karo@hotmail.com,+62889569659,2019-02-05,active
369,Lukman Nasution,lukman-nasution171@gmail.com,+628521834404,2024-06-07,activee
370,Maman Perangin,mamanperangin607@gmail.com,088976351484,09-11-22,inactive
371,Arif Saputra,arif_saputra@gmail.com,62885973748,2024-11-21,inactive
372,Rina Sinaga,rina.sinaga155@yahoo.com,+62858364424,28/09/2024,inactive
373,NANDA WIBOWO,bella_kusuma811@hotmail.com,+6288266032420,2020-11-24,banned
374,Gilang Purnomo,irwan-tarigan925@yahoo.com,0812594165,2019-01-05,INACTIVE
375,Lestari HaRTono,lestari.hartono958@gmail.com,0821347649,2018-08-18,inactive
376,Hana Iskandar,hana_iskandar@gmail.com,08595409003,02-11-20,active
377,Zahra Angin,zahraangin@yahoo.com,+628114413432,03-12-22,active
378,murti soeharto,murti_soeharto483@gmail.com,62878248156,02-10-24,inactive
379,Bella Hasibuan,bella.hasibuan646@hotmail.com,08113459112,19-10-20,Active
380,Fajar Budiman,fajar-budiman463@hotmail.com,0856954316,14/02/2022,inactive
381,Imam Pramono,imampramono@gmail.com,+628522069694,04/09/2019,active
382,Wati SeMbIriNg,wati.sembiring@gmail.com,628522620443,2024-12-05,active
383,Hana Karo,hanakaro@gmail.com,6287736694118,29/08/2018,active
384,Nanda Simbolon,nandasimbolon6@yahoo.com,628776528092,02/12/2020,inactive
385,Zulfa Nasution,zulfa-nasution728@gmail.com,+628210274564,14-12-20,inaktif
386,Vera Sinaga,vera-sinaga755@ymail.com,088770320320,2023-04-11,active
387,Ulfa SitOrUs,ulfa-sitorus@rocketmail.com,6285693908926,11/11/2018,BANNED
388,ZuLfA KuRnIawan,zulfakurniawan@hotmail.com,628819230450,17-10-18,banned
389,Imam Pratama,imam_pratama@gmail.com,08774214764,07/10/2024,active
390,Doni Pramono,doni_pramono907@yahoo.com,+6288961659266,16/01/2019,inactive
391,Dinda Hasibuan,dinda.hasibuan954@yahoo.com,62885476174,01/09/2019,banned
392,Yogi Pramono,yogipramono@gmail.com,6282166179454,26/07/2024,BANNED
393,AdIT WIjAya,adit-wijaya@gmail.com,081394168006,23/04/2019,active
394,Wulan Hasibuan,wulan_hasibuan311@hotmail.com,628771220310,10/02/2020,active
395,WULAN SETIADI,wulan.setiadi89@icloud.com,+628226012277,16/04/2023,inactive
396,Kevin Hartono,kevin_hartono53@gmail.com,08787998407,2022-06-26,inactive
397,Linda Fauzi,linda_fauzi@yahoo.com,087858146717,25-12-24,active
398,Selvi Iskandar,selvi.iskandar481@yahoo.com,0885959724,2022-05-18,banned
399,Galih Soeharto,galih.soeharto@gmail.com,6281372232971,2022-08-31,active
400,Nanda Handoko,nanda-handoko903@gmail.com,62851801561,04/12/2024,active
401,Hesti Gunawan,hesti-gunawan@icloud.com,62856891077,31/03/2019,acitve
402,Opik Perangin,opikperangin@gmail.com,62821524787,11/02/2019,banned
403,Galih Nasution,galih.nasution450@icloud.com,08535482145,2022-08-27,banned
404,Rosi Hidayat,rosi.hidayat142@gmail.com,+6288150720811,2021-10-17,inactive
405,wati sitorus,wati.sitorus@hotmail.com,628856684550,19-02-21,banned
406,Hadi Iskandar,hadi_iskandar715@hotmail.com,+628521085628,2024-01-25,active
407,Sri Purba,sri.purba@yahoo.com,62856468105,29-11-20,inactive
408,fani wibowo,faniwibowo460@yahoo.com,628115399893,2021-12-05,active
409,JASMINE KURNIAWAN,jasmine.kurniawan108@yahoo.com,628527126611,2018-09-12,active
410,Vino Handoko,vino_handoko603@gmail.com,6288267762282,09-06-23,inactive
411,Fajar Ramadhan,fajar.ramadhan467@gmail.com,6285151961159,01/04/2021,inactive
412,Nurul Wibowo,nurul-wibowo302@gmail.com,082260443270,17-05-19,active
413,agus soebagyo,agus-soebagyo580@gmail.com,+6288292287772,25/08/2021,activee
414,Pipit Firmansyah,pipit_firmansyah@hotmail.com,+6285612094818,15/12/2018,banned
415,Fira Sembiring,fira.sembiring769@yahoo.com,082182043397,13-12-18,banned
416,Bella Tambunan,bellatambunan349@gmail.com,+6281156411182,14/03/2021,active
417,OscAr SUDirman,oscarsudirman@gmail.com,62889788614,2018-09-06,inactive
418,gilang manurung,yunus-susanto506@gmail.com,08118913824,2024-05-16,inactive
419,Bambang Budiman,bambang.budiman@gmail.com,6287870079420,2018-09-04,active
420,Mira Wahyudi,mira-wahyudi@yahoo.com,62857289141,08-06-22,active
421,Lestari Fauzi,lestari_fauzi216@hotmail.com,+6285674355379,07/09/2021,banned
422,Lestari Setiadi,lestarisetiadi@hotmail.com,087876811807,2019-05-21,active
423,Mira Lubis,miralubis128@gmail.com,0881304531,17-11-24,active
424,Maman Gunawan,mamangunawan288@hotmail.com,62852361498,17/07/2023,inactive
425,Kurnia Firmansyah,kurnia.firmansyah@rocketmail.com,08229384308,2024-11-21,banned
426,hesti hasibuan,hestihasibuan875@yahoo.com,+62856877580,08/07/2020,active
427,Nisa Tarigan,kurniasoekarno@yahoo.com,+6281303613325,27/06/2021,banned
428,Doni Wijaya,doni-wijaya861@gmail.com,0882505831,23-09-24,inactive
429,Doni Angin,doniangin@gmail.com,+62813070496,27/09/2018,banned
430,rina ginting,rina_ginting99@gmail.com,628116769915,2018-04-17,inactive
431,Candra Karo,candrakaro@yahoo.com,08855679723,18/07/2019,active
432,Fajar Siregar,fajar-siregar@gmail.com,+6285754508920,30-08-20,inactive
433,Hendra Sitorus,hendra.sitorus@gmail.com,088279599594,2022-09-11,active
434,Maya Hasibuan,maya_hasibuan@hotmail.com,08539337563,28/06/2022,active
435,GALIH SaNTOSo,galih-santoso@gmail.com,0811410261,18/10/2021,active
436,Tono Hartono,tono.hartono964@hotmail.com,0821233865,26-07-21,inactive
437,Rosi Susanto,rosi-susanto@gmail.com,081242897317,23/11/2024,active
438,Bela Sirait,bela-sirait511@gmail.com,+6285977749690,28/04/2020,active
439,Selvi Soebagyo,selvi_soebagyo911@yahoo.com,08598121478,11/12/2021,inactive
440,Ani Hasibuan,ani_hasibuan479@gmail.com,+628824602734,2018-11-07,active
441,Xena Pramono,xenapramono805@gmail.com,0821508353,2021-09-10,active
442,Winda Saputra,winda-saputra9@gmail.com,+628779078263,18-07-20,Banned
443,Lukman Simbolon,lukman_simbolon740@gmail.com,0858663778,2018-05-04,active
444,JASMINE SOEBAGYO,jasminesoebagyo512@gmail.com,08786845909,12/05/2018,active
445,Candra Sembiring,candra_sembiring@gmail.com,08873715974,17/01/2019,active
446,gilang purnomo,gilang_purnomo@gmail.com,08773348170,18-02-22,active
447,Wati Harahap,wati.harahap@yahoo.com,+6288216323467,13-10-19,inactive
448,Zahra Karo,zahra_karo@gmail.com,0881693859,2023-07-04,inactive
449,Jasmine Susanto,jasmine_susanto356@gmail.com,628513296762,18/05/2024,inactive
450,Ani Hartono,ani-hartono@hotmail.com,628526815118,2021-08-28,inactive
451,Wati Wahyudi,qori-nugroho@hotmail.com,08815636004,15-04-19,active
452,Bella Firmansyah,bellafirmansyah@hotmail.com,+628224220912,19/04/2021,inactive
453,KarIm NUgRoho,karimnugroho400@yahoo.com,0811633533,10/01/2019,inactive
454,Dewi Santoso,dewisantoso@hotmail.com,0851681558,16-02-20,active
455,Fira Tambunan,fira.tambunan109@gmail.com,08115063731,14-02-21,banned
456,hana susanto,hana-susanto786@gmail.com,6288724195625,20-12-19,inaktif
457,Arif Budiman,arifbudiman624@gmail.com,6285390309143,22/10/2022,banned
458,BAMBANG RAHAYU,bambang.rahayu156@gmail.com,62812975245,12-06-18,baned
459,Nisa Setiadi,nisa.setiadi868@gmail.com,085203396852,17-12-22,active
460,Agus Soebagyo,agussoebagyo@gmail.com,0813983381,12-10-22,inactive
461,Zahra Nugroho,zahra.nugroho@gmail.com,+628893471566,2019-11-19,inactive
462,Oky Purba,oky.purba840@gmail.com,+62878498282,2020-11-19,inactive
463,Zahra Hasibuan,zahra_hasibuan74@gmail.com,62882230085,2023-07-06,inactive
464,Karim Rizky,karimrizky@gmail.com,+62889364587,17-02-22,active
465,Jihan Sitorus,jihansitorus944@hotmail.com,6281124972439,26-06-24,active
466,Siti Wibowo,siti_wibowo@yahoo.com,0878644886,2024-07-28,Aktif
467,Murti Permana,murtipermana112@gmail.com,+6285264027011,08-09-22,inactive
468,Qori Fauzi,qori.fauzi@gmail.com,+6285117932302,2020-02-25,inactive
469,Rahmad Angin,rahmad.angin82@gmail.com,+628211509377,17/02/2019,active
470,Panji Permana,panjipermana@yahoo.com,087784775965,27-02-22,active
471,Arif Kartini,arif_kartini@gmail.com,+62821762091,2023-12-14,banned
472,Rosi Panjaitan,rosi_panjaitan528@hotmail.com,081150505739,2023-06-08,actve
473,Opik SoehARTo,opiksoeharto131@gmail.com,+628872717833,16/05/2020,ACTIVE
474,Sri Suharto,sri.suharto952@gmail.com,+6285347128715,05-07-20,BANNED
475,Mira Setiawan,mira_setiawan670@gmail.com,0856411159,10-02-20,active
476,JASMINE PANJAITAN,jasmine_panjaitan@gmail.com,088936655289,16/08/2024,active
477,Karim Santoso,karim.santoso836@gmail.com,+62881942095,19-06-21,banned
478,Fitri Suryadi,fitri_suryadi@yahoo.com,+62877523302,20-06-23,inactive
479,Yogi Kartini,yogikartini562@gmail.com,+628826618443,2024-02-23,active
480,Fajar Harahap,fajarharahap871@yahoo.com,6285127742333,2018-02-07,INACTIVE
481,Jasmine Suharto,jasmine.suharto386@hotmail.com,0812572018,18-10-21,inactive
482,Nurul Angin,nurulangin247@yahoo.com,+6285161764750,07/05/2019,active
483,Fitri Nainggolan,fitri.nainggolan24@gmail.com,6282126764921,25/08/2021,Active
484,Erfan Purnomo,erfan_purnomo570@gmail.com,6288913129208,2023-01-06,active
485,Ani Kusuma,anikusuma576@outlook.com,0813845826,01/01/2018,active
486,Ani Sinaga,ani_sinaga144@hotmail.com,+628859883103,31/05/2018,active
487,Yogi Budiman,yogi.budiman606@gmail.com,0878844626,12/02/2023,active
488,OKY ISKANDAR,oky-iskandar@hotmail.com,+6288989262566,17-04-18,active
489,YUNI SURYADI,yuni_suryadi68@hotmail.com,08594234016,2020-06-29,active
490,Fitri Purnomo,fitri_purnomo98@hotmail.com,6285749102562,14-11-21,banned
491,Erfan Ginting,erfan_ginting@gmail.com,088522269405,17-10-20,banned
492,Nisa Ramadhan,nisa-ramadhan818@yahoo.com,+628568341465,05-01-19,active
493,Yuni Fauzi,yunifauzi87@yahoo.com,+628118277881,19/07/2022,banned
494,Kurnia Pramono,kurnia-pramono@yahoo.com,+6285183215285,2018-07-28,inactive
495,Imam Nugroho,imam.nugroho@gmail.com,+628824309634,13/10/2023,inactive
496,Pipit Budiman,pipit_budiman337@gmail.com,08112650167,20/03/2020,inactive
497,Bela Hidayat,belahidayat160@gmail.com,+628774562841,02-12-22,inactive
498,Irwan Kusuma,irwan-kusuma@gmail.com,0857266502,2020-03-26,banned
499,Panji Wibowo,panji.wibowo333@yahoo.com,62877110225,11/08/2023,BANNED
500,Nanda Rahayu,nandarahayu445@gmail.com,+62882639282,2020-10-18,BANNED
501,Eko Soebagyo,eko_soebagyo204@hotmail.com,088523923126,2018-06-07,active
502,hadi sitorus,hadisitorus390@yahoo.com,+62853567086,2018-07-31,active
503,Panji Panjaitan,panji_panjaitan253@gmail.com,0812053474,20/10/2024,inactive
504,Indah Wahyudi,indah-wahyudi@hotmail.com,0887555989,03/03/2022,banned
505,Winda Handoko,windahandoko@gmail.com,62852711895,19-05-21,inactive
506,Sari Tarigan,karim-soeharto@gmail.com,+6288748557161,2023-06-01,inactive
507,adit soeharto,adit.soeharto@yahoo.com,085267881278,23-04-22,Inactive
508,Jihan Tambunan,jihantambunan@yahoo.com,6281178844344,11/03/2024,active
509,Maman Susanto,maman.susanto965@gmail.com,+6281233810595,22/08/2021,aktive
510,Gilang Wahyudi,gilang-wahyudi@hotmail.com,0859424089,12-03-19,Banned
511,Imam Setiadi,imam.setiadi837@gmail.com,+62856962736,18/02/2022,inactive
512,Sri Nainggolan,sri.nainggolan194@hotmail.com,0857422693,12/10/2018,active
513,Oky Hartono,oky_hartono@hotmail.com,08216010023,2018-12-09,active
514,Mira Santoso,ani_hasibuan479@gmail.com,088751327972,2021-06-13,inactive
515,nurul hartono,nurulhartono@gmail.com,62857862030,2020-07-17,active
516,Hadi Lubis,hadi_lubis@yahoo.com,0821145195,2019-04-30,active
517,Ani Brahmana,ani-brahmana@hotmail.com,+6282249451475,23-12-20,activee
518,yuni soeharto,yuni.soeharto@gmail.com,08777119642,2019-01-06,active
519,Indah Sudirman,indah_sudirman493@yahoo.com,62858366878,2023-12-27,inactive
520,Erfan Kartini,erfan_kartini@hotmail.com,08530305872,28/03/2019,active
521,Galih Budiman,galih.budiman302@gmail.com,62878330212,27-03-22,active
522,oky panjaitan,okypanjaitan@gmail.com,0859131096,06/09/2019,inactive
523,Lestari Rizky,lestari_rizky422@yahoo.com,628111200928,19/10/2019,inactive
524,Oky Kurniawan,oky-kurniawan942@hotmail.com,0878418623,29-06-22,active
525,Maman Tambunan,mamantambunan837@yahoo.com,+628772056341,04/03/2019,active
526,Nando Sudirman,aguswahyudi509@yahoo.com,0887139043,09/03/2024,banned
527,Rudi Hartono,rudihartono578@gmail.com,0858405468,2020-03-09,ACTIVE
528,Karim Fauzi,karimfauzi340@hotmail.com,6282120967904,23/10/2019,banned
529,Ulfa Pratama,ulfa.pratama@hotmail.com,6282228898572,2021-10-20,active
530,Pipit Budiman,linda_fauzi@yahoo.com,62877399129,31/07/2023,inaactive
531,Siti Hidayat,sitihidayat@yahoo.com,+628512149551,19/10/2018,aktive
532,Tono Wahyudi,tono_wahyudi@gmail.com,62882546692,2022-12-11,inactive
533,Pipit Harahap,pipit_harahap@yahoo.com,6281238021462,2024-05-24,active
534,Maman Sirait,maman-sirait478@hotmail.com,62881121663,2022-07-03,active
535,Arif Nasution,arif_nasution118@yahoo.com,0887723590,2024-09-28,active
536,Galih Soeharto,galihsoeharto@ymail.com,628784212146,2018-12-01,Active
537,Selvi Soebagyo,selvi-soebagyo@gmail.com,+628582356778,21-10-19,inactive
538,Fani Iskandar,fani.iskandar@gmail.com,62858272751,2022-07-23,inactive
539,Budi Batubara,budi_batubara@gmail.com,08528296353,22-02-20,inactive
540,Siti Panjaitan,imam.nugroho@gmail.com,+62885776655,2024-01-31,inactive
541,Candra Wibowo,candra-wibowo@yahoo.com,+628776491111,09-03-18,inactive
542,Maya Nainggolan,mayanainggolan649@yahoo.com,6281246337861,2020-03-12,active
543,Edy Soeharto,edy_soeharto8@gmail.com,628574463060,05/03/2018,active
544,Hana Pramono,hana-pramono@yahoo.com,+6285363960962,19-05-22,active
545,Laila Harahap,lailaharahap@yahoo.com,08894825311,2018-04-16,active
546,linda hidayat,lindahidayat586@gmail.com,628225233438,01-10-20,Inactive
547,Imam Sudirman,edy_nasution956@gmail.com,081191179112,2021-03-02,active
548,Sri Setiawan,sri.setiawan@yahoo.com,0878713665,21/01/2023,active
549,Yogi Santoso,yogisantoso121@gmail.com,+62887284139,02-05-18,active
550,Chandra Purba,chandra-purba@gmail.com,+62822124473,2019-01-12,aktive
551,Gilang Setiadi,gilang_setiadi447@gmail.com,+62851461994,10/11/2019,INACTIVE
552,Yunus Sitorus,yunus-sitorus836@yahoo.com,08773955172,19-05-18,active
553,Linda Manurung,linda-manurung@gmail.com,08582531355,2019-08-18,active
554,Siti Harahap,siti.harahap477@gmail.com,628134938318,12-02-21,banned
555,Yuni Sembiring,yuni_sembiring326@gmail.com,08127046117,02-12-19,active
556,Linda Sirait,fitri_fauzi335@hotmail.com,62889742608,01/12/2023,active
557,Andi Setiawan,andi_setiawan741@gmail.com,+628591857906,07-05-21,inactive
558,Zulfa Budiman,zulfa-budiman@gmail.com,0812215632,27/12/2018,INACTIVE
559,Hana Kartini,hanakartini@gmail.com,0857459642,19-07-19,inactive
560,Fitri Kusuma,fitri_kusuma653@hotmail.com,088539774573,2019-01-12,BANNED
561,Xena RAMaDHAn,xenaramadhan@yahoo.com,628854728123,2022-01-29,inactive
562,Pipit Purba,pipitpurba285@gmail.com,6285712711307,2020-02-06,active
563,Vino Firmansyah,vinofirmansyah@gmail.com,+62852686850,2022-12-13,active
564,Doni Rahayu,doni_rahayu199@gmail.com,+6285148978610,16/10/2020,active
565,Eko Rahayu,eko.rahayu@gmail.com,08776134732,2020-04-13,banned
566,Qori Ramadhan,qoriramadhan190@hotmail.com,+62853512257,04/08/2019,banned
567,Vino Sitorus,vino-sitorus@gmail.com,6281157907371,05/07/2018,inactive
568,Xena Pramono,xena.pramono@gmail.com,+628587584745,23/02/2023,active
569,Yogi Ramadhan,yogi_ramadhan116@hotmail.com,62811632570,27-09-20,actve
570,Prita Panjaitan,prita_panjaitan@gmail.com,628878245569,2022-09-06,active
571,Kurnia Susanto,kurniasusanto444@yahoo.com,+62857072728,01-04-21,inactive
572,Irwan Siregar,irwan-siregar16@gmail.com,085710740650,2018-07-24,active
573,Edy Mulyadi,edy.mulyadi@hotmail.com,+6282236914307,23/12/2021,inaactive
574,Jihan Sitorus,jihan-sitorus943@yahoo.com,+6285165923426,20/03/2024,active
575,Zahra Pratama,zahra_pratama@gmail.com,+62821875857,2021-12-21,inactive
576,Nisa Manurung,nisamanurung981@gmail.com,0857985298,2024-05-05,active
577,Karim Kusuma,edy.mulyadi@hotmail.com,+62812041591,05-04-21,inactive
578,candra soebagyo,candrasoebagyo@yahoo.com,088772324407,29-12-24,active
579,eko setiawan,ekosetiawan@gmail.com,08210876014,2022-07-16,active
580,Nanda Pramono,nanda_pramono@yahoo.com,0811232883,2023-05-05,active
581,XenA FirmANSyaH,xena_firmansyah44@gmail.com,+628810258835,2023-11-21,inactive
582,Agus Purnomo,agus-purnomo@gmail.com,628571767929,08-09-23,inactive
583,Vera Kusuma,vera-kusuma599@gmail.com,081123117753,27/08/2020,active
584,Jihan Permana,jihanpermana627@gmail.com,08135902517,27/03/2022,banned
585,Jasmine Ginting,jasmine_ginting696@gmail.com,08518319013,17/05/2018,active
586,Galih Sudirman,galihsudirman@hotmail.com,628853397855,08-12-24,active
587,Agus Batubara,agusbatubara@gmail.com,62857173098,17/09/2021,active
588,Xena Pramono,xenapramono@gmail.com,088738984690,15-02-24,active
589,Kevin Simbolon,kevinsimbolon34@gmail.com,+628520238503,15/07/2023,inaactive
590,Ilham Perangin,ilhamperangin@gmail.com,6281372401078,11-07-20,active
591,Prita Simbolon,prita.simbolon@gmail.com,088760870662,27-10-22,inactive
592,GIlang KUSUma,gilangkusuma@hotmail.com,0812027240,2021-07-10,banned
593,ROSI MULYADI,rosimulyadi@gmail.com,+62887753745,2024-03-08,banned
594,Rosi Sinaga,rosisinaga56@gmail.com,628821328348,13/05/2020,active
595,Hadi Susanto,hadi_susanto@gmail.com,+628124964104,2024-11-02,inactive
596,Andi Soebagyo,andi.soebagyo211@gmail.com,6287804085095,11-12-20,active
597,Dewi Nasution,dewi_nasution@gmail.com,6287748769984,2019-10-28,inactive
598,Nanda Kusuma,nanda-kusuma@icloud.com,628579609454,23-10-20,inaactive
599,NANDO SANTOSO,nando-santoso857@gmail.com,+62881707057,29/03/2024,inactive
600,Rina Karo,rina-karo@yahoo.com,08564723229,23/07/2018,active
601,Rudi Purnomo,rudi-purnomo@gmail.com,628560580935,24/03/2019,inactive
602,Rahmad Wibowo,rahmad-wibowo585@hotmail.com,+6281364205955,30-07-22,active
603,Vino Mulyadi,vinomulyadi@yahoo.com,082135889536,14/07/2024,banned
604,Nurul Sirait,nurulsirait@yahoo.com,6288986818097,19-11-23,inactive
605,Arif Suryadi,arif.suryadi@icloud.com,+628535137651,12-12-21,inactive
606,Yuni Panjaitan,yuni_panjaitan806@gmail.com,6282236929445,09/07/2021,active
607,Murti Manurung,murti_manurung@gmail.com,+62811164871,02/06/2019,inactive
608,Dewi Iskandar,dewi_iskandar926@gmail.com,087783415599,30/11/2024,INACTIVE
609,Ani Setiawan,ani_setiawan933@hotmail.com,+628787229812,01-02-18,banned
610,Hana Kurniawan,hana_kurniawan181@icloud.com,08537509889,2023-09-13,active
611,Bella Sirait,bella.sirait@yahoo.com,6285695154214,2021-01-26,inactive
612,Maman Nugroho,mamannugroho@hotmail.com,+62822388209,12-06-18,inactive
613,Kurnia Santoso,kurnia-santoso209@yahoo.com,+6288127411767,13/12/2020,active
614,Winda Fauzi,windafauzi@hotmail.com,0858854781,13/07/2021,inactive
615,Doni Ramadhan,doniramadhan@gmail.com,08893347272,2023-07-28,active
616,Sari Angin,sari.angin4@gmail.com,+6288732064969,19-08-20,active
617,Wulan Sinaga,wulan-sinaga@gmail.com,628826958741,15/06/2020,ACTIVE
618,Qori Manurung,qori_manurung@yahoo.com,+628216277963,2018-04-29,active
619,Adit Handoko,adithandoko576@gmail.com,628586766404,12-06-23,active
620,Dinda Angin,dinda_angin@yahoo.com,082195298006,05-01-19,active
621,Fani Sudirman,fanisudirman@gmail.com,62852863425,2021-09-19,active
622,Gilang Fauzi,budi_permana@hotmail.com,6282167024403,09/10/2020,active
623,Fitri Kartini,fitri.kartini838@gmail.com,081360089219,22/05/2022,banned
624,Zahra Soeharto,zahrasoeharto310@yahoo.com,08219764613,23-07-22,active
625,Wulan Mulyadi,wulan.mulyadi@yahoo.com,628778173906,2020-08-08,active
626,WuLaN SEmbIring,wulansembiring786@gmail.com,+6285752059960,03-01-21,active
627,Hesti Soeharto,hesti.soeharto330@hotmail.com,+6288511616202,31-10-23,active
628,Wati Saputra,watisaputra907@yahoo.com,08852866041,2022-11-19,INACTIVE
629,Panji Sinaga,panji.sinaga145@yahoo.com,6285258947735,09/07/2019,inactive
630,Vino Santoso,vino_santoso@gmail.com,62852187510,04-04-23,active
631,Agus Lubis,agus-lubis@gmail.com,+628579459648,26-01-24,banned
632,Sari Setiawan,sari.setiawan@gmail.com,62821896599,2024-10-13,inaactive
633,Opik Firmansyah,opikfirmansyah@gmail.com,0822270510,16-07-19,inaactive
634,Rahmad Sitorus,rahmadsitorus247@gmail.com,+628824858193,12-11-19,active
635,Hadi Pramono,hadi-pramono@yahoo.com,+62859057563,02-12-24,active
636,Imam Panjaitan,imampanjaitan201@gmail.com,62852945154,22/08/2023,banned
637,Panji Susanto,panji_susanto45@gmail.com,6281207977278,02/03/2019,active
638,Dewi Perangin,dewi.perangin@gmail.com,+62821705184,06-03-20,banned
639,Andi Nasution,andi-nasution@yahoo.com,6285906601382,28/12/2020,active
640,Rahmad Susanto,rahmad_susanto@gmail.com,+628871579197,28/12/2018,active
641,IndAH Fauzi,indah.fauzi@gmail.com,087742429563,2020-02-11,active
642,Joko Mulyadi,jokomulyadi502@yahoo.com,+6285987209628,18/05/2024,banned
643,Prita Lubis,prita-lubis213@hotmail.com,6288741834374,09/05/2018,inactive
644,INDAH SIMBOLON,indah-simbolon578@hotmail.com,628121502675,11-10-21,active
645,Indah Lubis,indah.lubis@yahoo.com,6288196673459,2021-10-15,banned
646,laila siregar,laila.siregar@gmail.com,+6285669028249,17/11/2023,inactive
647,Lestari Kusuma,lestarikusuma@gmail.com,08596270232,2021-05-19,active
648,Indah Hartono,indah.hartono158@gmail.com,+628511786376,14-03-23,active
649,DONI SIRAIT,doni.sirait410@gmail.com,6287868157903,28/10/2024,BANNED
650,Nanda Panjaitan,nandapanjaitan626@gmail.com,62853730346,2019-01-16,active
651,Indah Sitorus,indah_sitorus36@gmail.com,08518171516,20/02/2018,active
652,Fajar Sembiring,fajarsembiring498@gmail.com,08574197857,04-10-21,active
653,Eko Soeharto,eko_soeharto@gmail.com,085894389760,2023-03-19,active
654,Fitri Soebagyo,fitri-soebagyo259@gmail.com,62857842456,2018-03-13,active
655,yogi angin,yogiangin545@gmail.com,081312276457,03/12/2024,Aktif
656,Dian Sembiring,dian-sembiring@yahoo.com,628218154660,24-01-20,active
657,Bambang Pramono,bambang.pramono585@gmail.com,6288530597364,2020-01-31,inactive
658,Ani Brahmana,ani-brahmana@gmail.com,08112447951,25/06/2020,active
659,bella gunawan,bella_gunawan603@hotmail.com,6285867805555,26/12/2022,inactive
660,Zulfa Handoko,zulfa_handoko262@gmail.com,62889785138,2022-02-21,active
661,Arif Batubara,prita-lubis213@hotmail.com,085966048736,11/01/2024,active
662,NANDO BUDIMAN,nando.budiman114@gmail.com,087765369455,09-03-19,banned
663,Arif Purba,arif_purba507@gmail.com,+62851640857,07-12-19,active
664,Jihan Karo,jihan_karo@yahoo.com,082298199605,02/11/2024,active
665,Ilham Angin,ilham-angin24@yahoo.com,62852753273,14/08/2021,active
666,Agus Wijaya,agus.wijaya701@gmail.com,088119523710,13-05-18,banned
667,Murti Soebagyo,murti_soebagyo73@gmail.com,62887980770,2021-04-14,INACTIVE
668,Ani Panjaitan,ani_panjaitan@gmail.com,085612565237,2020-05-10,active
669,Candra Setiadi,candra_setiadi@outlook.com,+628587574949,27/05/2018,active
670,chandra mulyadi,chandra-mulyadi731@gmail.com,6285147742229,2021-04-12,active
671,Putri Wijaya,putri.wijaya@gmail.com,+6288586792529,2023-08-15,inactive
672,Hana Sirait,hana.sirait892@gmail.com,+62877153433,2019-09-07,banned
673,Fitri Setiadi,fitrisetiadi@hotmail.com,085906158148,31-12-23,inactive
674,bambang soekarno,bambang.soekarno251@hotmail.com,0853720948,10/02/2021,Banned
675,Kurnia Fauzi,kurnia.fauzi536@gmail.com,0853997718,2018-07-29,baned
676,Yuni Saputra,yuni_saputra@yahoo.com,6285274909617,08-03-20,inaactive
677,Opik Permana,bellafirmansyah@hotmail.com,628562587844,18-12-20,active
678,Dinda Suryadi,dinda_suryadi@yahoo.com,085877221641,2022-12-21,banned
679,Erfan Kartini,erfan.kartini219@yahoo.com,+6285871493925,03/10/2019,BANNED
680,Karim Soeharto,karim.soeharto334@hotmail.com,6287843474524,28-09-21,active
681,Arif Batubara,arif_batubara6@gmail.com,+6285927403344,10/03/2022,active
682,Oky Soeharto,oky.soeharto@yahoo.com,628811132579,09/04/2023,Inactive
683,Jihan Iskandar,jihan.iskandar287@gmail.com,081254857417,05-07-19,active
684,Bella Sudirman,bella.sudirman604@yahoo.com,0887735984,30-03-24,active
685,Andi Kusuma,andi-kusuma981@icloud.com,+62852573755,26-03-20,aktive
686,Vera Wahyudi,vera.wahyudi123@gmail.com,+62882808509,26/11/2022,inactive
687,Bella Soeharto,bella-soeharto@hotmail.com,0889818281,2024-06-08,banned
688,Kurnia PeRmana,kurniapermana412@gmail.com,62877035624,01-07-20,banned
689,Bella Tarigan,bella-tarigan@gmail.com,08522108902,2024-01-22,active
690,Bella Soebagyo,bella.soebagyo207@gmail.com,+62856350271,17/03/2022,inactive
691,lukman sirait,lukman.sirait211@yahoo.com,0813898123,2019-05-08,actve
692,Nando Lubis,nando.lubis@yahoo.com,+628828170066,28/06/2022,active
693,Galih Siregar,galih-siregar@hotmail.com,628770450232,01/05/2024,active
694,CHANDRA HIDAYAT,chandrahidayat@hotmail.com,628579626228,13-09-19,inaactive
695,Indah Panjaitan,indah.panjaitan31@gmail.com,+6287754950050,12/04/2023,actve
696,hadi manurung,hadi.manurung@gmail.com,+62853611776,2024-01-08,active
697,Nando Soekarno,nando_soekarno922@gmail.com,+628879177932,17-06-20,active
698,Hadi Gunawan,hadi_gunawan@gmail.com,0856457988,2024-06-22,inaktif
699,Fajar Harahap,fajarharahap766@hotmail.com,0852020326,14/08/2021,inactive
700,Wulan Simbolon,wulan_simbolon@yahoo.com,6285671485524,2021-10-28,BANNED
701,Gilang Hasibuan,gilang-hasibuan782@gmail.com,+6287808213711,04-03-24,active
702,Fajar Soebagyo,fajarsoebagyo@gmail.com,62852303589,14-09-19,inactive
703,Dian Rahayu,dian.rahayu@gmail.com,082129328963,14/02/2021,inactive
704,Xena Sirait,xena_sirait480@gmail.com,62857148439,29/08/2024,active
705,MURTI KUSUMA,murti.kusuma@hotmail.com,+6287733513426,21-05-19,actve
706,Kevin Kurniawan,kevin-kurniawan779@gmail.com,6282148197374,27-05-19,Banned
707,Opik Hasibuan,opik-hasibuan897@gmail.com,+62856769274,09-07-20,active
708,Sri Fauzi,sri-fauzi248@hotmail.com,+62878144485,15-09-22,active
709,fani pratama,fani_pratama249@gmail.com,6287841789969,27-10-23,active
710,Ani BRaHmana,anibrahmana356@yahoo.com,62885660392,09-04-18,active
711,Doni Mulyadi,doni_mulyadi870@gmail.com,628593470574,20/10/2019,inactive
712,Gilang Setiadi,gilang-setiadi@yahoo.com,08589835411,2022-07-22,banned
713,Zulfa Angin,zulfa-angin877@gmail.com,+628812250139,25-06-21,banned
714,Hesti Mulyadi,hesti_mulyadi@gmail.com,081396425856,2019-06-29,active
715,Xena Perangin,xena.perangin@gmail.com,6282240733337,03/06/2020,active
716,Xena Hartono,xena_hartono859@gmail.com,6288736289696,07-12-20,baned
717,Galih Soekarno,galih-soekarno@gmail.com,62859253892,31-01-19,aktive
718,Vino Tarigan,vino.tarigan738@hotmail.com,62887749079,2022-11-29,banned
719,Prita Setiawan,prita_setiawan@gmail.com,+62822514940,2024-09-14,inactive
720,Lestari Tambunan,lestari-tambunan@yahoo.com,62878895090,07-01-22,active
721,yuni perangin,yuni.perangin@gmail.com,62851071511,11-07-22,banned
722,Jihan Soekarno,jihan.soekarno868@gmail.com,08572647124,03/07/2022,active
723,Edy Setiadi,edysetiadi537@gmail.com,6281205120800,2021-08-31,active
724,Dewi Soekarno,dewisoekarno@gmail.com,62882835129,13-03-22,active
725,Rahmad Ramadhan,rahmad.ramadhan834@gmail.com,6281214415298,17/11/2019,inactive
726,Kurnia Brahmana,kurnia-brahmana961@hotmail.com,628771815352,2020-09-07,active
727,Laila Susanto,laila_susanto@yahoo.com,085899886834,05/08/2021,inactive
728,Sari Mulyadi,sari_mulyadi@yahoo.com,0882587964,2023-08-01,BANNED
729,Rina Sinaga,rinasinaga@hotmail.com,+6281200463580,12-11-22,inactive
730,Dian Budiman,dianbudiman@gmail.com,+62851513739,15/11/2024,active
731,Imam Handoko,imam-handoko@hotmail.com,+628513560229,05-10-20,banned
732,Vera Sitorus,vera-sitorus210@gmail.com,628116643749,12-02-18,banned
733,Karim Susanto,karim.susanto@gmail.com,0882285246,12-03-21,active
734,Qori Budiman,qoribudiman@gmail.com,62882280771,02/04/2019,active
735,JiHan Purnomo,jihanpurnomo@gmail.com,+62856573066,2019-09-20,inactive
736,Agus Gunawan,agus_gunawan26@gmail.com,08858228501,2018-09-24,inactive
737,Erfan Wijaya,erfan-wijaya@gmail.com,0853609069,06/05/2019,inaktif
738,Rudi Sembiring,mamantambunan837@yahoo.com,628779673794,14-11-21,inactive
739,Wulan Hidayat,wulan.hidayat148@hotmail.com,628514250642,2018-06-24,inactive
740,Fira Budiman,fira-budiman214@gmail.com,+6288177675556,30-06-19,inactive
741,Lukman Hartono,lukman.hartono971@yahoo.com,628784362718,2023-01-27,Inactive
742,pipit manurung,pipit.manurung676@yahoo.com,+628510369249,01-10-19,inactive
743,Jasmine Soeharto,jasmine-soeharto@hotmail.com,08829980111,29/03/2018,active
744,Candra BudimaN,candra.budiman@gmail.com,+6282196288743,10-04-19,active
745,Rahmad Suharto,rahmad_suharto485@yahoo.com,081157992707,2024-05-10,active
746,bambang panjaitan,bambang-panjaitan694@gmail.com,085254159709,2024-08-14,active
747,Galih Budiman,galihbudiman502@gmail.com,085344765047,2018-11-25,inactive
748,Rudi Kusuma,rudikusuma@gmail.com,+628526604655,2023-10-01,inactive
749,Dinda Kusuma,dinda.kusuma501@gmail.com,088115810213,01/11/2018,active
750,Agus Hidayat,agushidayat@gmail.com,6281159129751,14/11/2024,active
751,Lestari Saputra,lestari.saputra@gmail.com,+62853016583,04/05/2023,aktive
752,Zulfa Brahmana,zulfabrahmana@yahoo.com,0813342893,23-05-19,inaktif
753,Yuni Saputra,yuni.saputra167@hotmail.com,6285768436453,14/12/2023,banned
754,Oscar Mulyadi,oscarmulyadi506@hotmail.com,0878701595,16-10-24,active
755,Ilham Wahyudi,ilham-wahyudi761@gmail.com,+628575833920,2021-12-16,inactive
756,Ulfa Harahap,ulfa_harahap475@yahoo.com,082266025626,06/02/2022,inactive
757,Joko Hidayat,jokohidayat17@yahoo.com,08563076248,11/02/2021,active
758,Yunus Brahmana,yunus.brahmana@gmail.com,08137942387,2020-06-05,inactive
759,Siti Siregar,siti-siregar701@yahoo.com,082245525971,2018-03-14,active
760,Nisa Hartono,nisa.hartono932@hotmail.com,+6285659532593,25-08-24,active
761,Rosi Nainggolan,rosi-nainggolan@gmail.com,0858877941,2023-01-16,Inactive
762,Kurnia Soeharto,kurnia-soeharto@yahoo.com,085305597824,2021-08-03,active
763,Nando Tarigan,nando.tarigan@gmail.com,6281238843660,2021-05-06,active
764,hadi mulyadi,hadi_mulyadi81@yahoo.com,088168297514,2023-02-11,active
765,Nando Hasibuan,nando-hasibuan@gmail.com,085875256806,2021-08-19,active
766,Bella Perangin,nanda-ramadhan@yahoo.com,+6288908027112,13/09/2019,inactive
767,Irwan Ramadhan,irwan-ramadhan@gmail.com,+628136808662,24/02/2024,active
768,SeLVi NUgROHO,selvi.nugroho513@gmail.com,+62877847068,06/10/2018,active
769,Linda Susanto,lindasusanto@yahoo.com,+62885632809,2021-02-26,inactive
770,Hana Purba,hana-purba@gmail.com,+62877470798,20/07/2022,active
771,Eko Susanto,eko.susanto205@hotmail.com,6285245703943,25/09/2023,active
772,Siti Handoko,siti.handoko512@hotmail.com,+628819277894,14/10/2020,banned
773,Maya Santoso,mayasantoso970@gmail.com,+628819210533,30-09-22,active
774,Yuni Suryadi,irwanhartono419@hotmail.com,0857473107,17/12/2019,active
775,Sri Fauzi,sri-fauzi@hotmail.com,62882231660,2018-06-02,inactive
776,Ulfa Manurung,hadi.hartono@gmail.com,628134734043,19-08-20,inactive
777,budi setiadi,budi_setiadi573@gmail.com,628125195778,2019-11-03,banned
778,Hana Fauzi,hana-fauzi@yahoo.com,+628595427865,04/11/2022,banned
779,Oscar Kusuma,oscar_kusuma@gmail.com,+6288529582923,12/06/2022,inactive
780,Eko Purba,ekopurba@hotmail.com,08581558686,16-06-20,active
781,Murti Iskandar,murti_iskandar@hotmail.com,0885721436,25/05/2021,inactive
782,Doni Kartini,hadinainggolan@gmail.com,0852114716,04-01-22,inactive
783,Siti Iskandar,siti-iskandar214@gmail.com,628899907075,10/12/2021,active
784,Vino Soebagyo,vinosoebagyo433@hotmail.com,+628110717481,06/12/2018,INACTIVE
785,Doni Hasibuan,doni_hasibuan36@gmail.com,62881961029,26-04-18,inactive
786,Agus Purba,agus_purba@gmail.com,6282187274204,2024-09-28,inactive
787,Eko Kurniawan,eko.kurniawan494@gmail.com,087726042359,14/07/2023,Active
788,Rahmad Soekarno,rahmadsoekarno@gmail.com,62889775608,17-02-22,inactive
789,Maya Manurung,maya_manurung@gmail.com,+628596832102,20-12-18,active
790,Sari Batubara,sari-batubara@hotmail.com,08891803324,30-06-19,banned
791,Karim Santoso,karimsantoso116@yahoo.com,628112537337,2023-05-14,active
792,Doni Purnomo,donipurnomo@yahoo.com,08138192365,2020-07-12,inactive
793,Rina Permana,rina_permana@hotmail.com,628597932798,24-07-22,ACTIVE
794,Irwan Hartono,irwanhartono@gmail.com,0887205464,18-03-23,inaactive
795,Dinda Siregar,dinda-siregar876@yahoo.com,+6287798999275,08-01-19,inactive
796,Dinda Tarigan,dinda-tarigan645@gmail.com,+62885553935,08/06/2021,active
797,Chandra Kurniawan,chandra_kurniawan@icloud.com,6282243588537,10-07-24,active
798,Fitri Fauzi,fitri.fauzi211@gmail.com,628823674978,30/10/2021,active
799,Nando Setiawan,nando_setiawan@gmail.com,+628828948963,24/12/2020,inactive
800,YunUS BrAHMaNA,yunus_brahmana@hotmail.com,62812159446,12/09/2020,active
801,Pipit Brahmana,pipit-brahmana@gmail.com,088753263890,19/10/2019,inactive
802,Opik Suryadi,opik.suryadi866@gmail.com,088122341034,18-11-22,banned
803,Jihan Batubara,jihanbatubara419@yahoo.com,087760843768,2021-11-03,active
804,Zulfa Purba,zulfa.purba@hotmail.com,0877633556,27/01/2021,Active
805,Xena Gunawan,xenagunawan@hotmail.com,628130695560,2023-07-04,INACTIVE
806,SELvi SItorus,selvi-sitorus@gmail.com,62851980418,2020-11-11,active
807,Xena Hidayat,xena.hidayat235@gmail.com,0885319092,26-03-21,inactive
808,Oky Nugroho,oky.nugroho@gmail.com,0856817852,18-09-19,active
809,rosi soeharto,rosi-soeharto@yahoo.com,628122207223,2024-10-30,inactive
810,Winda Hasibuan,windahasibuan@gmail.com,62812620478,30-06-23,ACTIVE
811,Karim Ginting,karim_ginting986@yahoo.com,628778628720,27/04/2020,banned
812,Hana Pramono,hana_pramono392@gmail.com,+628117303627,15-08-24,active
813,Yogi Tambunan,nando-setiadi766@gmail.com,+628566775372,31/08/2022,active
814,Hadi Angin,hadiangin359@gmail.com,62878945887,2018-06-15,active
815,Fani Nasution,fani.nasution@gmail.com,628870083850,2023-01-11,active
816,Opik Hasibuan,opik-hasibuan@yahoo.com,+6287808981265,07-12-22,INACTIVE
817,PANJI HIDAYAT,panjihidayat632@gmail.com,+62853040236,20/05/2024,inactive
818,Nurul Sitorus,nurul.sitorus@gmail.com,085671372711,2023-02-26,banned
819,Hana Budiman,hana-budiman647@yahoo.com,088949330674,06-09-21,active
820,Zulfa Fauzi,nandapanjaitan626@gmail.com,+62856283337,20/09/2019,banned
821,Fira Purba,fira_purba581@gmail.com,0853971506,2022-07-21,active
822,Nisa Simbolon,nisa-simbolon122@gmail.com,+628829366343,05/11/2024,active
823,Irwan Brahmana,irwanbrahmana@gmail.com,62811867120,2018-01-09,active
824,Rudi Kusuma,rudi-kusuma@gmail.com,08571091090,27/02/2020,inactive
825,Yunus Suharto,yunussuharto852@gmail.com,088142817934,2018-05-12,active
826,Irwan Iskandar,irwan-iskandar301@gmail.com,085753372201,29-08-18,active
827,Hadi Suharto,hadisuharto290@hotmail.com,+62889766189,24-05-21,active
828,vino setiadi,vino.setiadi@gmail.com,08562776572,01-09-21,aktive
829,Oky Firmansyah,oky.firmansyah@gmail.com,+628135202389,2023-07-22,active
830,indah manurung,opikperangin@gmail.com,6285855017833,2019-08-29,banned
831,Adit Suryadi,adit.suryadi@yahoo.com,6288948704506,10-08-24,baned
832,Agus Simbolon,agus_simbolon@gmail.com,628534403946,22/12/2020,inactive
833,Putri Susanto,putri.susanto@yahoo.com,08138860849,2018-07-29,inactive
834,Tari Tarigan,taritarigan@gmail.com,62858830615,2020-10-02,active
835,Doni Kusuma,doni.kusuma674@hotmail.com,+62878632514,21-06-21,banned
836,gilang angin,gilangangin@gmail.com,0856175188,21-03-23,active
837,Wulan Firmansyah,wulan-firmansyah@gmail.com,0877840911,27/10/2019,active
838,Irwan Sinaga,irwan_sinaga947@gmail.com,+628771863239,04-06-23,Banned
839,Agus Rizky,agus_rizky571@gmail.com,+62859007309,26/12/2021,banned
840,Hana Setiadi,hanasetiadi993@yahoo.com,0822988192,2023-04-24,inactive
841,Gilang Fauzi,gilangfauzi806@gmail.com,+628874010424,04/04/2022,active
842,Dinda Budiman,dinda-budiman77@gmail.com,628570045212,21-11-23,banned
843,Doni PanJAitan,doni-panjaitan929@gmail.com,+628126154021,22-01-19,active
844,maya simbolon,maya_simbolon@gmail.com,088931522910,11/04/2023,Aktif
845,Fajar Nugroho,fajar.nugroho@hotmail.com,6285637830639,11/05/2022,inactive
846,XENA LUBIS,xena_lubis933@gmail.com,082164970169,23-02-20,active
847,Fajar Sembiring,fajarsembiring@gmail.com,62812301623,06/02/2021,inactive
848,Budi Setiadi,budisetiadi@gmail.com,0881215566,27-10-23,active
849,Rahmad Firmansyah,rahmad.firmansyah399@gmail.com,628537460406,14/03/2023,active
850,Rina Rizky,rina_rizky114@gmail.com,+62856607819,2023-02-05,active
851,Maman Batubara,maman_batubara987@gmail.com,0882720376,15-06-20,inactive
852,Hadi Wibowo,hadi-wibowo@gmail.com,628856019134,29/10/2020,ACTIVE
853,Hesti Budiman,hesti.budiman643@yahoo.com,0822586950,25/05/2023,active
854,Maya Fauzi,maya-fauzi713@yahoo.com,087799951679,14/03/2020,active
855,Ani Budiman,ani.budiman546@yahoo.com,087801192360,2020-04-19,inactive
856,ErfaN RIZKy,erfan-rizky659@gmail.com,0858911498,14/09/2020,inactive
857,Winda Tarigan,windatarigan949@gmail.com,+62858189394,2018-01-01,banned
858,Edy Lubis,edy.lubis@hotmail.com,6281143223023,06/05/2020,active
859,xena hasibuan,xena.hasibuan@hotmail.com,628524621276,01/02/2018,active
860,Rudi Tarigan,rudi_tarigan@ymail.com,0852261632,26-12-20,inactive
861,Hesti Kurniawan,hesti-kurniawan908@gmail.com,6288793762974,2021-07-17,banned
862,Tari Fauzi,tari.fauzi416@gmail.com,62881912038,09-04-19,inactive
863,Karim Setiadi,karim.setiadi@yahoo.com,0822089813,17-01-24,active
864,Dinda Sinaga,dinda-sinaga@gmail.com,08783231829,17/12/2022,inactive
865,Fira Pratama,fira.pratama698@gmail.com,0812000152,27/07/2024,active
866,Kurnia Simbolon,kurnia-simbolon@hotmail.com,08596184442,15-12-18,active
867,Mira Firmansyah,mira_firmansyah@gmail.com,085790567086,30/03/2023,active
868,mira rahayu,mira.rahayu387@hotmail.com,+628138482669,19/05/2019,inactive
869,Nurul Soekarno,nurul-soekarno@gmail.com,+6285160807063,2020-09-11,banned
870,Opik Ginting,opikginting@gmail.com,08120164818,08-12-23,active
871,Vera Angin,vera.angin561@yahoo.com,0885638164,19/09/2020,banned
872,Agus Hidayat,agus-hidayat@yahoo.com,628574203625,2023-12-05,active
873,Maya Siregar,maya_siregar@gmail.com,+62877554026,27-07-20,banned
874,Hana Nasution,hana.nasution@hotmail.com,08824644898,01/09/2023,BANNED
875,MAman FaUzi,maman-fauzi39@hotmail.com,628123333538,21-11-20,active
876,Fitri Tambunan,fitritambunan@hotmail.com,6288171809339,10-01-19,banned
877,Sari Nainggolan,sari-nainggolan@gmail.com,0813987561,07-03-23,inactive
878,Gilang Fauzi,gilangfauzi@gmail.com,081115618298,23/02/2018,banned
879,Imam Nasution,imam-nasution747@yahoo.com,0878936595,03/07/2019,active
880,ZAhrA BRahmana,zahra.brahmana@yahoo.com,62885137455,10/09/2022,active
881,Oscar Susanto,oscar-susanto134@rocketmail.com,085905376660,29-10-23,active
882,EKO RIZKY,ekorizky@gmail.com,0885566910,02/05/2022,banned
883,Tono Setiawan,tonosetiawan@icloud.com,08565068826,01/06/2024,inactive
884,Yunus Sitorus,yunus.sitorus@yahoo.com,+6285701348087,2020-03-05,active
885,Nanda Simbolon,nanda.simbolon@gmail.com,085910157090,2023-09-10,inactive
886,kevin ramadhan,kevin.ramadhan@hotmail.com,+6285626999699,20-03-22,active
887,Gilang Setiadi,gilang_setiadi92@gmail.com,6285969325914,29-03-18,active
888,Ilham Perangin,ilham.perangin@gmail.com,08532669806,23-12-24,active
889,Hesti Simbolon,hesti_simbolon783@gmail.com,62881348389,2020-06-21,banned
890,Nando Panjaitan,nando.panjaitan@gmail.com,08591299650,28/02/2024,inactive
891,Linda Permana,linda_permana677@gmail.com,6287765613087,11/10/2022,banned
892,Hadi Sudirman,hadi-sudirman@gmail.com,08568239484,16/06/2018,active
893,Wulan Permana,yogi_ramadhan116@hotmail.com,+628771016831,29-11-18,active
894,Opik Nasution,opiknasution@gmail.com,6281241491507,29/07/2022,banned
895,Chandra Saputra,chandra_saputra@gmail.com,62859440777,2024-09-18,inactive
896,Irwan Rahayu,irwan.rahayu744@ymail.com,+6282225081776,15/07/2018,inactive
897,Nando Setiawan,nando_setiawan960@gmail.com,0852731255,03/12/2019,active
898,Laila Suharto,laila_suharto@gmail.com,62821920613,25/09/2022,inactive
899,Arif Kusuma,arif-kusuma@gmail.com,0881844490,22-11-19,active
900,Hendra Hidayat,hendrahidayat@yahoo.com,+62857373416,11-04-23,active
901,Hadi Hasibuan,hadi.hasibuan@gmail.com,085117982134,2023-10-29,active
902,Jasmine Tarigan,jasmine_tarigan240@gmail.com,62853828560,18/10/2021,inactive
903,selvi rizky,selvi_rizky@yahoo.com,+628127368205,2018-01-10,inactive
904,Hadi Pratama,hadi.pratama645@gmail.com,62851650587,06-03-19,active
905,Laila Sembiring,laila.sembiring@gmail.com,628779089843,28-10-22,banned
906,Fira Mulyadi,fira.mulyadi@gmail.com,085386948424,2024-10-16,actve
907,Opik Purba,opikpurba291@yahoo.com,6288770715238,2022-07-04,active
908,Wulan Saputra,wulan.saputra27@gmail.com,+6281317798768,07-09-19,inactive
909,Prita Purba,prita.purba@yahoo.com,6281285806235,01-08-18,active
910,Dewi Firmansyah,dewi_firmansyah391@hotmail.com,+62889012482,2021-11-04,active
911,Oscar Purnomo,oscar_purnomo@gmail.com,62857328946,29/06/2020,inactive
912,Jasmine Suharto,jasminesuharto701@gmail.com,6285872562926,10/08/2024,banned
913,Maman Nasution,maman-nasution@yahoo.com,088765507846,2024-04-07,active
914,Opik Harahap,opik-harahap845@gmail.com,08529189117,2024-09-19,active
915,Hendra Saputra,hendra.saputra@gmail.com,+628524154715,04/09/2021,active
916,Tari Fauzi,tari.fauzi838@yahoo.com,62885367500,2024-12-17,active
917,Maya Mulyadi,mayamulyadi795@gmail.com,+6287781987809,2019-06-24,active
918,PANJI PANJAITAN,panji-panjaitan@gmail.com,+628876059867,2024-01-17,active
919,Yogi Soebagyo,yogi-soebagyo523@hotmail.com,6285659655942,19/08/2023,active
920,Opik Wibowo,opik_wibowo@gmail.com,0812245393,25/10/2018,active
921,Eko Soekarno,eko.soekarno6@gmail.com,+6281236821444,31-10-23,banned
922,Jihan Sirait,jihan_sirait148@hotmail.com,08787462025,12-10-23,aktive
923,Wati Panjaitan,watipanjaitan@gmail.com,62887231239,10-08-19,active
924,ZaHRA PEraNGin,zahra_perangin@gmail.com,+628814584726,26-09-19,active
925,Bella Hidayat,bella_hidayat@hotmail.com,0877827172,2018-09-17,banned
926,Tari Saputra,tari.saputra@gmail.com,+62851299936,03/12/2019,Aktif
927,Oky Soekarno,okysoekarno656@gmail.com,62887325539,22/01/2024,active
928,Hesti Siregar,hesti_siregar755@gmail.com,08773095449,03-08-23,Active
929,Eko Purnomo,eko_purnomo@yahoo.com,0881205397,2023-11-29,INACTIVE
930,Eko Handoko,eko-handoko@gmail.com,081112560832,04/06/2018,active
931,Gilang Nainggolan,gilang_nainggolan532@gmail.com,6285258523860,15/06/2018,active
932,Winda Siregar,windasiregar835@gmail.com,+628132391029,17-11-19,banned
933,edy firmansyah,edy_firmansyah@gmail.com,62852967139,10/08/2023,banned
934,Eko Hidayat,eko.hidayat@gmail.com,08817201911,2019-04-07,inactive
935,Maya Kusuma,erfan.kartini219@yahoo.com,628122587339,26/05/2020,active
936,Jasmine Saputra,jasminesaputra@yahoo.com,6285712421140,06-04-24,inactive
937,Dian Kusuma,dian-kusuma@yahoo.com,+62877093556,28-09-18,actve
938,Budi Soekarno,budi-soekarno132@gmail.com,08531243658,30-08-21,active
939,Jihan Siregar,jihansiregar@rocketmail.com,0811706159,2019-10-26,active
940,Hesti Nainggolan,hestinainggolan@yahoo.com,+62889632248,2019-03-15,active
941,Vera Soebagyo,verasoebagyo228@gmail.com,0812095679,2023-01-24,inactive
942,zahra perangin,zahra-perangin381@gmail.com,08537124760,29/03/2019,inactive
943,RiNA SudIrMan,rinasudirman@yahoo.com,08591290150,14/03/2023,active
944,Bela Susanto,belasusanto@gmail.com,08125847436,18/12/2019,aktive
945,sari wijaya,sari-wijaya545@yahoo.com,+6287847031805,25-03-20,activee
946,Sari Brahmana,sari_brahmana945@yahoo.com,+62878159183,21-07-19,inactive
947,andi susanto,andi_susanto@gmail.com,+62889110797,30/03/2023,active
948,Rudi Wijaya,rudi.wijaya@hotmail.com,6285605315204,05-11-24,inactive
949,Rudi Soekarno,rudi_soekarno952@yahoo.com,6288231379716,15-04-22,inactive
950,Xena Suharto,xenasuharto@yahoo.com,+628127943325,25/11/2022,active
951,Bela Firmansyah,belafirmansyah626@gmail.com,0856620370,2023-10-13,inactive
952,WATi SuhArto,wati.suharto379@gmail.com,08130889480,17-10-18,inactive
953,Vera Siregar,verasiregar463@yahoo.com,6285378570820,2018-04-16,inactive
954,Ani Manurung,animanurung@gmail.com,+62889496112,2023-09-24,banned
955,Linda Suryadi,linda_suryadi@yahoo.com,6287770409531,25/11/2020,baned
956,KeviN SitoRus,kevin_sitorus595@gmail.com,+6281264966834,2024-11-10,active
957,Panji Batubara,panji_batubara@yahoo.com,+628212259364,01-02-24,active
958,Budi Purba,budi.purba273@yahoo.com,62885906246,19/05/2023,ACTIVE
959,Dian Batubara,dianbatubara@gmail.com,+62813193592,17-04-20,inactive
960,Maya Gunawan,mayagunawan@gmail.com,08568816502,2022-01-15,ACTIVE
961,YOGI NAINGGOLAN,yoginainggolan440@hotmail.com,085244096617,07-06-23,active
962,Chandra Kusuma,chandrakusuma@gmail.com,+62887141746,19/10/2023,acitve
963,Maman Pramono,maman_pramono642@gmail.com,6287889396987,30-06-21,active
964,Ilham Siregar,ilham-siregar349@gmail.com,62812192920,2023-05-11,active
965,imam iskandar,imam_iskandar81@hotmail.com,62812988636,11/07/2021,inactive
966,Fajar Suharto,fajar-suharto@gmail.com,+62811099424,13-12-23,active
967,Joko Rahayu,joko_rahayu699@hotmail.com,628787605642,2018-02-28,active
968,Oky Soebagyo,oky-soebagyo@yahoo.com,+628573389062,2020-09-20,active
969,Laila Sirait,laila.sirait789@gmail.com,62857165995,26/07/2020,active
970,Oky Nugroho,oky.nugroho@ymail.com,+628787462591,18/05/2022,active
971,Bambang Purnomo,bambangpurnomo382@yahoo.com,62877080179,2023-10-16,inactive
972,ZULFA GINTING,zulfa.ginting592@yahoo.com,08562642612,31/03/2019,active
973,Lukman Sinaga,lukman_sinaga@yahoo.com,+6288968078525,20-12-20,active
974,ZAHRA KUSUMA,zahra.kusuma516@gmail.com,+62856064454,2023-03-29,actve
975,Hadi Soebagyo,hadisoebagyo@gmail.com,628818979177,19/06/2022,active
976,Xena Setiadi,xena_setiadi@gmail.com,628872175080,03-10-18,acitve
977,Jihan Hartono,jihan.hartono34@yahoo.com,085888249353,05/06/2021,active
978,maya purba,maya_purba486@yahoo.com,08782444544,18/10/2022,inactive
979,Lukman Kartini,lukmankartini@yahoo.com,62887053912,2024-01-08,inactive
980,Bela Firmansyah,bela_firmansyah824@yahoo.com,62885904579,2019-06-29,active
981,Winda Pramono,winda_pramono@gmail.com,6288764242383,2024-08-23,active
982,Chandra Hartono,chandra.hartono116@gmail.com,+6285132880983,19/11/2019,active
983,ANI KArtiNI,ani_kartini733@gmail.com,0887435614,10-09-18,active
984,Gilang Mulyadi,gilangmulyadi@yahoo.com,+6287823546951,23/05/2018,active
985,Andi Hasibuan,andi.hasibuan4@gmail.com,+628897150066,2022-05-17,active
986,sri setiawan,sri-setiawan@hotmail.com,08530785169,2024-08-19,BANNED
987,pipit simbolon,pipit-simbolon@yahoo.com,+62887482689,01-05-24,inactive
988,Irwan Sirait,irwan.sirait553@yahoo.com,6288591787915,2018-05-06,activee
989,Linda Sitorus,lindasitorus584@gmail.com,0853012657,09-11-23,inactive
990,indah sirait,indahsirait780@gmail.com,08815851777,06-04-21,active
991,Lestari Nainggolan,lestarinainggolan@gmail.com,08892642229,2023-05-10,inactive
992,Linda Setiawan,linda-setiawan739@gmail.com,082154570568,02/06/2019,inactive
993,Hadi Kusuma,hadikusuma@hotmail.com,081363564072,15/05/2020,active
994,Vino Purnomo,vino-purnomo909@gmail.com,08138822473,05/01/2019,inactive
995,Yuni Sirait,yuni-sirait7@gmail.com,085901195092,15/03/2023,banned
996,Sri Harahap,sriharahap762@gmail.com,+6281223007169,09-07-21,active
997,Budi Simbolon,budisimbolon899@yahoo.com,6285843298769,24-03-24,active
998,MURTI LUBIS,murti_lubis@gmail.com,6281382734813,17/10/2018,active
999,Candra Susanto,candra_susanto@gmail.com,+62857574835,2019-09-13,inactive
1000,Rina Tambunan,rina_tambunan40@yahoo.com,088934488384,2019-12-26,activee
